0.01320082,1.48925781,38.79931641,19.58709793,19.58709793,1.00000000,-19.58709793,0.48234965,0.00000000,0.00000000
-0.03021337,6.80667890,7.29606096,34.40262515,34.40262515,2.00000000,-34.40262515,0.47661395,0.00000000,0.00000000
-0.02854022,2.06041664,2.21369855,34.83354384,34.83354384,2.00000000,-34.83354384,0.47646811,0.00000000,0.00000000
-0.01841179,2194.34221035,7681.46407782,21.40864243,21.40864243,1.00000000,-21.40864243,0.48154773,0.00000000,0.00000000
0.02748893,231958345.96310991,211894711.21338302,23.74663773,23.74663773,2.00000000,-23.74663773,0.48056703,0.00000000,0.00000000
0.02681697,357834936.24863565,423611216.56387830,28.22453645,28.22453645,2.00000000,-28.22453645,0.47881545,0.00000000,0.00000000
0.02452164,8.07944591,11.95288487,28.76314031,28.76314031,2.00000000,-28.76314031,0.47861447,0.00000000,0.00000000
0.02135256,1.74689665,3.15810776,26.68038065,26.68038065,2.00000000,-26.68038065,0.47940257,0.00000000,0.00000000
0.01035684,5.00000000,32.00000000,12.05653546,12.05653546,1.00000000,-12.05653546,0.48615050,0.00000000,0.00000000
-0.01267366,79911686.77796796,173328616.64590538,10.14086648,10.14086648,2.00000000,-10.14086648,0.48729794,0.00000000,0.00000000
-0.01150361,6.81921460,29.15121510,12.31002196,12.31002196,1.00000000,-12.31002196,0.48600573,0.00000000,0.00000000
0.01029596,71433463.75884753,140661739.68665791,5.82965325,5.82965325,2.00000000,-5.82965325,0.49036860,0.00000000,0.00000000
0.00993227,4.35010776,15.40718638,7.13317377,7.13317377,2.00000000,-7.13317377,0.48934632,0.00000000,0.00000000
0.01084542,190579612.87966418,166582367.44508553,3.55394745,3.55394745,2.00000000,-3.55394745,0.49247962,0.00000000,0.00000000
0.01000550,112209608.49890304,125663586.79228723,3.74835717,3.74835717,2.00000000,-3.74835717,0.49227669,0.00000000,0.00000000
0.00921835,96941059.94824886,180111813.22977138,4.45357052,4.45357052,2.00000000,-4.45357052,0.49158155,0.00000000,0.00000000
0.00932544,1.32318391,1.78731031,4.75819925,4.75819925,2.00000000,-4.75819925,0.49129844,0.00000000,0.00000000
0.00484851,11.72291209,41.61843140,1.55280536,1.55280536,2.00000000,-1.55280536,0.49502884,0.00000000,0.00000000
-0.00783520,174330766.18286687,264727708.96780264,2.97195163,2.97195163,2.00000000,-2.97195163,0.49312284,0.00000000,0.00000000
-0.00720540,59442620.42572677,159099168.00341010,3.68664411,3.68664411,2.00000000,-3.68664411,0.49234053,0.00000000,0.00000000
0.02923715,371266041.55421484,128355360.81642854,10.81652759,10.81652759,2.00000000,-10.81652759,0.48688176,0.00000000,0.00000000
0.02946566,295447318.61065316,112652199.75528449,12.08489583,12.08489583,2.00000000,-12.08489583,0.48613423,0.00000000,0.00000000
0.02900124,200131178.34017420,84962270.38890833,12.98935105,12.98935105,2.00000000,-12.98935105,0.48562494,0.00000000,0.00000000
0.02816307,292460131.48036909,140571313.15635288,13.80014501,13.80014501,2.00000000,-13.80014501,0.48518328,0.00000000,0.00000000
0.02716895,219157353.19498658,122762314.52546257,14.85114000,14.85114000,2.00000000,-14.85114000,0.48462970,0.00000000,0.00000000
0.02573782,190267071.30806893,129817389.72889543,16.01505590,16.01505590,2.00000000,-16.01505590,0.48403906,0.00000000,0.00000000
0.02420559,203412997.88496172,176446933.40505487,17.58353138,17.58353138,2.00000000,-17.58353138,0.48327617,0.00000000,0.00000000
0.02309577,18.09423958,18.67792736,18.94617719,18.94617719,2.00000000,-18.94617719,0.48264064,0.00000000,0.00000000
0.02723605,3.04286919,1.92840002,20.75925283,20.75925283,2.00000000,-20.75925283,0.48182955,0.00000000,0.00000000
0.02243606,2.06635858,1.38720112,16.82056911,16.82056911,2.00000000,-16.82056911,0.48364281,0.00000000,0.00000000
0.01061086,5.52807672,20.93665438,8.70260673,8.70260673,1.00000000,-8.70260673,0.48823284,0.00000000,0.00000000
0.01900756,10.17880596,1.77051769,2.99592742,2.99592742,2.00000000,-2.99592742,0.49309515,0.00000000,0.00000000
0.01902565,406139224.65697122,110844291.78443971,3.63218224,3.63218224,2.00000000,-3.63218224,0.49239730,0.00000000,0.00000000
0.01822644,559475236.50047445,163368502.50368071,3.56298147,3.56298147,2.00000000,-3.56298147,0.49247007,0.00000000,0.00000000
0.01779356,233219520.35102654,72571576.87908235,3.61434245,3.61434245,2.00000000,-3.61434245,0.49241600,0.00000000,0.00000000
0.01752477,519432407.95389867,173278674.48618317,3.75297608,3.75297608,2.00000000,-3.75297608,0.49227193,0.00000000,0.00000000
0.01732179,703786249.06949520,253187194.26312113,3.94673614,3.94673614,2.00000000,-3.94673614,0.49207498,0.00000000,0.00000000
0.01669047,364309466.65138984,142213794.89930356,3.96692485,3.96692485,2.00000000,-3.96692485,0.49205474,0.00000000,0.00000000
0.01598143,461407135.38782406,197096764.04258847,3.96801898,3.96801898,2.00000000,-3.96801898,0.49205364,0.00000000,0.00000000
0.01534546,332491341.18655074,157121248.84531146,4.03116821,4.03116821,2.00000000,-4.03116821,0.49199067,0.00000000,0.00000000
0.01475984,168314746.29357529,89165818.64266646,4.15801105,4.15801105,2.00000000,-4.15801105,0.49186565,0.00000000,0.00000000
0.01410217,100.01693266,58.79136120,4.20745875,4.20745875,2.00000000,-4.20745875,0.49181743,0.00000000,0.00000000
0.01378829,15.63348004,9.40075210,4.22794318,4.22794318,2.00000000,-4.22794318,0.49179754,0.00000000,0.00000000
0.01333441,7.16460688,4.42596395,4.23899344,4.23899344,2.00000000,-4.23899344,0.49178683,0.00000000,0.00000000
0.01249606,3.93896534,2.52032517,4.14435220,4.14435220,2.00000000,-4.14435220,0.49187902,0.00000000,0.00000000
0.01004722,3.39050549,2.72538725,3.24702016,3.24702016,2.00000000,-3.24702016,0.49281165,0.00000000,0.00000000
0.00805756,2.15974492,2.08060250,2.57261049,2.57261049,2.00000000,-2.57261049,0.49360150,0.00000000,0.00000000
0.00512152,151038225.70277774,461351804.04994130,1.69697351,1.69697351,2.00000000,-1.69697351,0.49480321,0.00000000,0.00000000
-0.00882733,401234700.11259890,397964525.84090018,2.62707468,2.62707468,2.00000000,-2.62707468,0.49353413,0.00000000,0.00000000
0.04354462,1336840236.44447851,416857303.05666220,21.69004904,21.69004904,2.00000000,-21.69004904,0.48142694,0.00000000,0.00000000
0.04397731,1802739123.46488953,602670258.10960865,23.68307061,23.68307061,2.00000000,-23.68307061,0.48059303,0.00000000,0.00000000
0.04422189,699624903.65444040,252096973.68360281,25.76380441,25.76380441,2.00000000,-25.76380441,0.47975916,0.00000000,0.00000000
0.04455769,472173536.48506689,184446723.96027952,28.29119151,28.29119151,2.00000000,-28.29119151,0.47879047,0.00000000,0.00000000
0.04423267,338172308.79325354,144148598.97456861,30.33463708,30.33463708,2.00000000,-30.33463708,0.47803860,0.00000000,0.00000000
0.04305814,214533896.29235685,100577825.69904065,31.49785756,31.49785756,2.00000000,-31.49785756,0.47762193,0.00000000,0.00000000
0.04184130,275976893.66580796,143761572.80708808,32.88561156,32.88561156,2.00000000,-32.88561156,0.47713480,0.00000000,0.00000000
0.04019477,131074641.11343104,76809278.03626946,33.91232132,33.91232132,2.00000000,-33.91232132,0.47678101,0.00000000,0.00000000
0.03821290,87790889.66039991,58813173.48200798,34.71268057,34.71268057,2.00000000,-34.71268057,0.47650892,0.00000000,0.00000000
0.03511820,58581417.69690850,45825671.04426372,33.76781475,33.76781475,2.00000000,-33.76781475,0.47683047,0.00000000,0.00000000
0.03166775,84.75272891,78.48671439,32.02085509,32.02085509,2.00000000,-32.02085509,0.47743711,0.00000000,0.00000000
0.02861572,11.08589637,11.70718720,29.96432271,29.96432271,2.00000000,-29.96432271,0.47817293,0.00000000,0.00000000
0.02538776,3.84345776,4.67513489,27.70996880,27.70996880,2.00000000,-27.70996880,0.47900927,0.00000000,0.00000000
0.01924264,2.08667888,3.91711961,21.85881340,21.85881340,2.00000000,-21.85881340,0.48135488,0.00000000,0.00000000
-0.03131820,408497011.17581391,403798558.93622375,32.97614992,32.97614992,2.00000000,-32.97614992,0.47710338,0.00000000,0.00000000
-0.03080539,136888583.02287990,175362722.48759246,39.31583633,39.31583633,2.00000000,-39.31583633,0.47500177,0.00000000,0.00000000
-0.02914004,3.01718902,3.94260246,39.18986781,39.18986781,2.00000000,-39.18986781,0.47504179,0.00000000,0.00000000
-0.02172948,56932852.64384501,185985550.84043571,29.63575141,29.63575141,1.00000000,-29.63575141,0.47829281,0.00000000,0.00000000
0.01087424,76737659.89506420,107912828.75314611,5.29292312,5.29292312,2.00000000,-5.29292312,0.49082260,0.00000000,0.00000000
0.01384537,1.43893556,2.04177085,10.40982710,10.40982710,2.00000000,-10.40982710,0.48713065,0.00000000,0.00000000
-0.01407853,151206896.62144923,148141823.98732305,6.61501063,6.61501063,2.00000000,-6.61501063,0.48974047,0.00000000,0.00000000
-0.01411215,130054781.81237036,167492276.53075194,8.28012536,8.28012536,2.00000000,-8.28012536,0.48852194,0.00000000,0.00000000
-0.01430786,2.26358171,2.66793760,9.12213284,9.12213284,2.00000000,-9.12213284,0.48795263,0.00000000,0.00000000
-0.01000433,34592265.39802402,116939606.09077543,6.26401439,6.26401439,2.00000000,-6.26401439,0.49001631,0.00000000,0.00000000
-0.01146840,390706191.66168499,254439365.37695634,3.04590480,3.04590480,2.00000000,-3.04590480,0.49303781,0.00000000,0.00000000
0.00476932,66197974.17218116,208171834.72423071,1.44772564,1.44772564,2.00000000,-1.44772564,0.49519998,0.00000000,0.00000000
-0.01012829,41492886.88876039,40110706.04607923,3.38566047,3.38566047,2.00000000,-3.38566047,0.49265981,0.00000000,0.00000000
-0.01189296,3.21603183,2.01116270,3.86596956,3.86596956,2.00000000,-3.86596956,0.49215647,0.00000000,0.00000000
-0.00828901,3.37519569,4.03495629,2.94893346,2.94893346,2.00000000,-2.94893346,0.49314952,0.00000000,0.00000000
0.03201387,866933870.04319477,419334050.49494541,17.93996347,17.93996347,2.00000000,-17.93996347,0.48310761,0.00000000,0.00000000
0.03288447,230196728.17843592,125337520.94875932,21.18201932,21.18201932,2.00000000,-21.18201932,0.48164559,0.00000000,0.00000000
0.03317324,625759683.17836833,389703103.80583048,24.45011504,24.45011504,2.00000000,-24.45011504,0.48028151,0.00000000,0.00000000
0.03253112,459498885.66327667,334004623.59126616,27.10910565,27.10910565,2.00000000,-27.10910565,0.47923789,0.00000000,0.00000000
0.03108746,142560924.86665732,124358099.88990465,29.14797853,29.14797853,2.00000000,-29.14797853,0.47847202,0.00000000,0.00000000
0.02972437,13.38958695,13.12778827,30.24144160,30.24144160,2.00000000,-30.24144160,0.47807233,0.00000000,0.00000000
0.02798082,3.62757281,3.79347007,30.29052506,30.29052506,2.00000000,-30.29052506,0.47805456,0.00000000,0.00000000
0.02277622,1.69170932,2.14227421,25.46401079,25.46401079,2.00000000,-25.46401079,0.47987716,0.00000000,0.00000000
0.01454038,70098.52794160,246808.00129454,13.38759901,13.38759901,1.00000000,-13.38759901,0.48540633,0.00000000,0.00000000
-0.02122801,200967172.21328145,234055145.36327845,17.45657326,17.45657326,2.00000000,-17.45657326,0.48333662,0.00000000,0.00000000
-0.02026942,10.09866872,14.74333299,19.48794236,19.48794236,2.00000000,-19.48794236,0.48239435,0.00000000,0.00000000
-0.01532897,72406820.98690605,205745261.54748499,16.01716654,16.01716654,2.00000000,-16.01716654,0.48403801,0.00000000,0.00000000
0.02818348,10.84122713,5.37217635,15.13848650,15.13848650,2.00000000,-15.13848650,0.48448179,0.00000000,0.00000000
0.02179363,110.70290724,130.99144088,18.66019880,18.66019880,2.00000000,-18.66019880,0.48277207,0.00000000,0.00000000
0.02968536,3.31669978,1.61776552,20.53441224,20.53441224,2.00000000,-20.53441224,0.48192815,0.00000000,0.00000000
0.01599011,1.93733092,3.59918371,15.03949291,15.03949291,2.00000000,-15.03949291,0.48453258,0.00000000,0.00000000
0.00826790,5.00000000,29.50000000,7.68308372,7.68308372,1.00000000,-7.68308372,0.48894338,0.00000000,0.00000000
0.01158293,6.72635985,7.02902115,4.95893309,4.95893309,2.00000000,-4.95893309,0.49111682,0.00000000,0.00000000
0.01052976,1.62969732,1.66556815,4.94291791,4.94291791,2.00000000,-4.94291791,0.49113118,0.00000000,0.00000000
0.00699204,153506560.88428605,424329856.14524841,3.40108681,3.40108681,2.00000000,-3.40108681,0.49264311,0.00000000,0.00000000
0.00486941,1.25000000,37.62500000,2.66514908,2.66514908,1.00000000,-2.66514908,0.49348744,0.00000000,0.00000000
-0.00738301,2.46464683,2.78102762,2.33126876,2.33126876,2.00000000,-2.33126876,0.49390899,0.00000000,0.00000000
-0.00516376,1.53708460,3.29859523,1.69739649,1.69739649,2.00000000,-1.69739649,0.49480256,0.00000000,0.00000000
0.01008245,721003032.25862670,386483605.87574804,1.96200214,1.96200214,2.00000000,-1.96200214,0.49441214,0.00000000,0.00000000
0.01076974,271188541.38998985,166820229.51302248,2.54762624,2.54762624,2.00000000,-2.54762624,0.49363264,0.00000000,0.00000000
-0.00376526,169388175.77298748,394954037.85348523,0.98396185,0.98396185,2.00000000,-0.98396185,0.49604276,0.00000000,0.00000000
0.01099781,380854267.52327681,334694230.82439613,3.67205407,3.67205407,2.00000000,-3.67205407,0.49235569,0.00000000,0.00000000
0.01066715,73.86880428,82.44974030,4.26629280,4.26629280,2.00000000,-4.26629280,0.49176043,0.00000000,0.00000000
0.00922113,56796353.23068213,105506210.02774340,4.45584371,4.45584371,2.00000000,-4.45584371,0.49157940,0.00000000,0.00000000
0.00938370,1.32647405,1.75520322,4.77097072,4.77097072,2.00000000,-4.77097072,0.49128678,0.00000000,0.00000000
0.02053829,451408175.98459196,188256653.16324520,6.40358451,6.40358451,2.00000000,-6.40358451,0.48990572,0.00000000,0.00000000
0.02110326,281078546.92544031,128699570.08507210,7.39672686,7.39672686,2.00000000,-7.39672686,0.48915133,0.00000000,0.00000000
-0.00512784,124326158.28622575,379565775.74772853,1.70170805,1.70170805,2.00000000,-1.70170805,0.49479596,0.00000000,0.00000000
0.02267373,146819920.42040646,83810274.28429639,10.52880084,10.52880084,2.00000000,-10.52880084,0.48705735,0.00000000,0.00000000
0.02324706,217285161.87238550,141686954.23783261,12.53055567,12.53055567,2.00000000,-12.53055567,0.48588098,0.00000000,0.00000000
0.02313973,239001800.34786916,181914466.15626198,14.30217913,14.30217913,2.00000000,-14.30217913,0.48491631,0.00000000,0.00000000
0.02260787,196232234.44987738,180126384.77680671,16.13117274,16.13117274,2.00000000,-16.13117274,0.48398134,0.00000000,0.00000000
0.02142230,247591119.37413311,289002797.55994511,17.81030873,17.81030873,2.00000000,-17.81030873,0.48316873,0.00000000,0.00000000
0.01914229,107913201.31686020,177154370.05617690,18.62831795,18.62831795,2.00000000,-18.62831795,0.48278678,0.00000000,0.00000000
0.01730431,158023518.79014218,489676264.78898335,19.20676633,19.20676633,2.00000000,-19.20676633,0.48252174,0.00000000,0.00000000
-0.02389012,271328625.12059236,302531833.45472038,21.28541656,21.28541656,2.00000000,-21.28541656,0.48160088,0.00000000,0.00000000
-0.02343641,13.58847615,20.46979076,26.55026598,26.55026598,2.00000000,-26.55026598,0.47945281,0.00000000,0.00000000
-0.02258830,1.65243796,2.45037803,27.35988703,27.35988703,2.00000000,-27.35988703,0.47914217,0.00000000,0.00000000
-0.01229094,3.33138410,12.68200330,12.79905820,12.79905820,2.00000000,-12.79905820,0.48573058,0.00000000,0.00000000
0.03097010,241379404.47574550,212080081.92045474,29.11399028,29.11399028,2.00000000,-29.11399028,0.47848456,0.00000000,0.00000000
0.02935414,116284701.31851393,129919157.84563112,32.19395499,32.19395499,2.00000000,-32.19395499,0.47737627,0.00000000,0.00000000
0.02772827,5.93164940,7.52954988,33.32586571,33.32586571,2.00000000,-33.32586571,0.47698242,0.00000000,0.00000000
0.02554368,1.55715245,2.19967765,34.58282098,34.58282098,2.00000000,-34.58282098,0.47655285,0.00000000,0.00000000
0.01449039,11.17370303,41.87663139,14.91214471,14.91214471,2.00000000,-14.91214471,0.48459817,0.00000000,0.00000000
-0.01965766,143934343.72817463,209749898.47723746,17.95423819,17.95423819,2.00000000,-17.95423819,0.48310090,0.00000000,0.00000000
-0.01988585,2.15629482,3.32064753,21.01763979,21.01763979,2.00000000,-21.01763979,0.48171690,0.00000000,0.00000000
-0.01293371,4.45260578,16.82748052,13.30281650,13.30281650,2.00000000,-13.30281650,0.48545259,0.00000000,0.00000000
0.01825035,365817225.00171447,389945761.38301158,11.92959828,11.92959828,2.00000000,-11.92959828,0.48622357,0.00000000,0.00000000
0.01810936,4.98386801,5.42301552,12.73629699,12.73629699,2.00000000,-12.73629699,0.48576559,0.00000000,0.00000000
0.01536407,2.15164243,2.79961363,11.28497318,11.28497318,2.00000000,-11.28497318,0.48660081,0.00000000,0.00000000
0.01021417,4.59327060,16.08635934,7.36760571,7.36760571,2.00000000,-7.36760571,0.48917271,0.00000000,0.00000000
-0.01113696,1556727342.03210831,1614433309.85278416,4.33852923,4.33852923,2.00000000,-4.33852923,0.49169098,0.00000000,0.00000000
-0.01064512,40861046.21871987,57582362.98257475,5.08314793,5.08314793,2.00000000,-5.08314793,0.49100627,0.00000000,0.00000000
0.05728181,662625164.68579865,197183363.76111603,35.85174301,35.85174301,2.00000000,-35.85174301,0.47612707,0.00000000,0.00000000
0.05749750,1352370959.41020536,432293126.49647689,38.74737453,38.74737453,2.00000000,-38.74737453,0.47518291,0.00000000,0.00000000
0.05766622,285986710.08810246,98700651.38462049,42.00727600,42.00727600,2.00000000,-42.00727600,0.47416144,0.00000000,0.00000000
0.05732880,781328117.43101406,293027763.87652624,45.01725023,45.01725023,2.00000000,-45.01725023,0.47325308,0.00000000,0.00000000
0.05662057,682058966.79433441,280138238.09120607,47.95544584,47.95544584,2.00000000,-47.95544584,0.47239536,0.00000000,0.00000000
0.05539348,384147381.59646273,174410048.73449838,50.55113801,50.55113801,2.00000000,-50.55113801,0.47165935,0.00000000,0.00000000
0.05412803,474070057.81056416,240857067.15981644,53.74404895,53.74404895,2.00000000,-53.74404895,0.47077958,0.00000000,0.00000000
0.05289718,202969176.16473794,117172068.03751129,57.91409523,57.91409523,2.00000000,-57.91409523,0.46966925,0.00000000,0.00000000
0.05129287,390508023.16881728,261259374.98496175,62.46605168,62.46605168,2.00000000,-62.46605168,0.46850221,0.00000000,0.00000000
0.04883900,162540410.45289749,129439158.60415655,66.36536123,66.36536123,2.00000000,-66.36536123,0.46753610,0.00000000,0.00000000
0.04523284,405240334.80978477,399540672.71846282,68.64141971,68.64141971,2.00000000,-68.64141971,0.46698536,0.00000000,0.00000000
0.04188180,10.43341674,11.77306037,67.72918305,67.72918305,2.00000000,-67.72918305,0.46720498,0.00000000,0.00000000
0.03894858,2.61797803,3.04910425,65.73491095,65.73491095,2.00000000,-65.73491095,0.46769033,0.00000000,0.00000000
0.02762627,136.87949394,477.28504430,48.19653710,48.19653710,2.00000000,-48.19653710,0.47232617,0.00000000,0.00000000
0.01224166,2.50000000,38.25000000,16.84414148,16.84414148,1.00000000,-16.84414148,0.48363136,0.00000000,0.00000000
-0.01776729,4.31839175,2.70654931,8.11548993,8.11548993,2.00000000,-8.11548993,0.48863659,0.00000000,0.00000000
-0.01653164,2.27940750,1.49364230,8.62927989,8.62927989,2.00000000,-8.62927989,0.48828250,0.00000000,0.00000000
-0.00750459,1.00004401,1.88182112,3.97630043,3.97630043,2.00000000,-3.97630043,0.49204535,0.00000000,0.00000000
-0.00723950,2.53927360,3.02600214,2.31546881,2.31546881,2.00000000,-2.31546881,0.49392966,0.00000000,0.00000000
-0.00512107,12.04788801,41.69702361,1.69133475,1.69133475,2.00000000,-1.69133475,0.49481185,0.00000000,0.00000000
0.01593706,458743963.14137769,386062244.99098134,7.42129653,7.42129653,2.00000000,-7.42129653,0.48913334,0.00000000,0.00000000
0.01557819,124946440.58153084,129462814.42682132,8.48237786,8.48237786,2.00000000,-8.48237786,0.48838264,0.00000000,0.00000000
0.01444057,20.84331456,26.50478740,8.70648467,8.70648467,2.00000000,-8.70648467,0.48823022,0.00000000,0.00000000
0.01332241,2.21451264,2.92169380,8.52956923,8.52956923,2.00000000,-8.52956923,0.48835038,0.00000000,0.00000000
0.00960096,13534846.97241716,46552866.74394777,5.78522263,5.78522263,1.00000000,-5.78522263,0.49040537,0.00000000,0.00000000
-0.02029065,219535661.00873286,271485384.30205548,16.66825023,16.66825023,2.00000000,-16.66825023,0.48371700,0.00000000,0.00000000
-0.02075555,3.15571323,3.79491638,18.68568775,18.68568775,2.00000000,-18.68568775,0.48276031,0.00000000,0.00000000
-0.01538430,37.20829727,125.92836184,14.85179581,14.85179581,2.00000000,-14.85179581,0.48462936,0.00000000,0.00000000
-0.00717917,2.50000000,28.25000000,5.79317433,5.79317433,1.00000000,-5.79317433,0.49039878,0.00000000,0.00000000
0.00657395,315524389.01358712,279881215.32678747,1.32299437,1.32299437,2.00000000,-1.32299437,0.49541141,0.00000000,0.00000000
0.00629932,142692597.82491046,162402056.15122736,1.50728658,1.50728658,2.00000000,-1.50728658,0.49510224,0.00000000,0.00000000
0.00574215,221047716.43061817,354493009.17141604,1.65993153,1.65993153,2.00000000,-1.65993153,0.49486024,0.00000000,0.00000000
0.00512417,163368039.55234414,498907008.34657109,1.69896167,1.69896167,2.00000000,-1.69896167,0.49480017,0.00000000,0.00000000
0.03900200,578434513.62523746,144075603.88128501,13.86180366,13.86180366,2.00000000,-13.86180366,0.48515023,0.00000000,0.00000000
0.04423718,692.84413792,171.38908340,17.74169581,17.74169581,2.00000000,-17.74169581,0.48320116,0.00000000,0.00000000
0.04636248,14079.02156881,3505.59620985,19.58256661,19.58256661,2.00000000,-19.58256661,0.48235169,0.00000000,0.00000000
0.04429649,494581643.83424854,134186803.24854869,19.57391942,19.57391942,2.00000000,-19.57391942,0.48235558,0.00000000,0.00000000
0.04388885,1030190098.29194021,301264506.54932654,20.68950102,20.68950102,2.00000000,-20.68950102,0.48186008,0.00000000,0.00000000
0.04374886,735606442.02374029,230723133.52407742,22.01969971,22.01969971,2.00000000,-22.01969971,0.48128644,0.00000000,0.00000000
0.04322046,505678513.37755489,171037774.69877434,23.13730529,23.13730529,2.00000000,-23.13730529,0.48081777,0.00000000,0.00000000
0.04200545,638222743.06037593,234458524.89036369,23.68716508,23.68716508,2.00000000,-23.68716508,0.48059136,0.00000000,0.00000000
0.04104848,624180029.15585589,251526155.18914688,24.74452393,24.74452393,2.00000000,-24.74452393,0.48016325,0.00000000,0.00000000
0.03992502,354505486.88596964,158630613.96691096,25.89670195,25.89670195,2.00000000,-25.89670195,0.47970706,0.00000000,0.00000000
0.03868857,586112930.56390476,296027896.77895916,27.30303044,27.30303044,2.00000000,-27.30303044,0.47916383,0.00000000,0.00000000
0.03722788,123.07549429,69.81731972,28.33519751,28.33519751,2.00000000,-28.33519751,0.47877400,0.00000000,0.00000000
0.03667368,17.78218169,10.28382932,28.74532620,28.74532620,2.00000000,-28.74532620,0.47862108,0.00000000,0.00000000
0.03591785,8.27027115,4.88642982,29.25415192,29.25415192,2.00000000,-29.25415192,0.47843288,0.00000000,0.00000000
0.03467048,4.66551290,2.82525985,29.71982472,29.71982472,2.00000000,-29.71982472,0.47826207,0.00000000,0.00000000
0.03103578,2.92938523,1.90897322,27.72583686,27.72583686,2.00000000,-27.72583686,0.47900327,0.00000000,0.00000000
0.02395441,2.10675771,1.63899049,20.33153816,20.33153816,2.00000000,-20.33153816,0.48201758,0.00000000,0.00000000
0.01604892,1.61938989,1.60532489,11.35311101,11.35311101,2.00000000,-11.35311101,0.48656043,0.00000000,0.00000000
0.00930102,1.32241074,1.80241469,4.75267764,4.75267764,2.00000000,-4.75267764,0.49130349,0.00000000,0.00000000
0.00483779,14.48954416,51.93787559,1.54770178,1.54770178,2.00000000,-1.54770178,0.49503702,0.00000000,0.00000000
-0.01826574,182334701.87710929,200604925.57114440,12.29314729,12.29314729,2.00000000,-12.29314729,0.48601532,0.00000000,0.00000000
-0.01689595,16.99780457,24.02204468,13.15093798,13.15093798,2.00000000,-13.15093798,0.48553584,0.00000000,0.00000000
-0.01501086,2.36804069,3.86022497,12.34951349,12.34951349,2.00000000,-12.34951349,0.48598331,0.00000000,0.00000000
-0.00997009,3.92669662,15.06350445,8.27162111,8.27162111,2.00000000,-8.27162111,0.48852783,0.00000000,0.00000000
0.01299327,338650544.58242428,407902915.40983844,6.71218380,6.71218380,2.00000000,-6.71218380,0.48966541,0.00000000,0.00000000
0.01215689,10.29878110,16.25387891,7.29952349,7.29952349,2.00000000,-7.29952349,0.48922284,0.00000000,0.00000000
0.01023271,19603732.46709123,65649583.35757425,6.55150574,6.55150574,2.00000000,-6.55150574,0.48978982,0.00000000,0.00000000
0.00510451,2.50000000,28.25000000,2.92870701,2.92870701,1.00000000,-2.92870701,0.49317305,0.00000000,0.00000000
-0.00251709,75766540.72171497,176219664.02153635,0.43862443,0.43862443,2.00000000,-0.43862443,0.49735788,0.00000000,0.00000000
-0.00897788,369019137.10643446,198725289.00447917,1.56249062,1.56249062,2.00000000,-1.56249062,0.49501337,0.00000000,0.00000000
0.00524164,227874596.73100990,284739599.37672615,1.11992536,1.11992536,2.00000000,-1.11992536,0.49577821,0.00000000,0.00000000
0.00512833,220599660.75337422,383558120.49482942,1.35258995,1.35258995,2.00000000,-1.35258995,0.49536037,0.00000000,0.00000000
0.00476721,142791230.93849123,449114665.68698192,1.44631678,1.44631678,2.00000000,-1.44631678,0.49520232,0.00000000,0.00000000
-0.00993976,152977644.21625024,175012029.58912408,3.76986167,3.76986167,2.00000000,-3.76986167,0.49225457,0.00000000,0.00000000
-0.00922324,49567138.08722241,78677444.42330003,4.25856997,4.25856997,2.00000000,-4.25856997,0.49176789,0.00000000,0.00000000
-0.00720542,97916305.05615354,262082617.18306875,3.68659990,3.68659990,2.00000000,-3.68659990,0.49234057,0.00000000,0.00000000
0.03047722,3029880.11563396,754676.80878040,8.46440201,8.46440201,2.00000000,-8.46440201,0.48839495,0.00000000,0.00000000
0.03046949,209976479.90164441,55379938.33612946,9.00155769,9.00155769,2.00000000,-9.00155769,0.48803249,0.00000000,0.00000000
0.01949632,10.17880596,1.77051769,3.15198217,3.15198217,2.00000000,-3.15198217,0.49291762,0.00000000,0.00000000
0.02950453,562012669.00407219,169456010.59560943,9.63510618,9.63510618,2.00000000,-9.63510618,0.48761863,0.00000000,0.00000000
0.02914037,474417685.05935085,154039045.03156638,10.10594267,10.10594267,2.00000000,-10.10594267,0.48731982,0.00000000,0.00000000
0.02875448,869071536.25472546,305503016.31662703,10.63361167,10.63361167,2.00000000,-10.63361167,0.48699311,0.00000000,0.00000000
0.02834481,241145319.01625836,92410523.49997485,11.23767170,11.23767170,2.00000000,-11.23767170,0.48662891,0.00000000,0.00000000
0.02791592,201575693.30478632,84889425.44811681,11.94223889,11.94223889,2.00000000,-11.94223889,0.48621628,0.00000000,0.00000000
0.02745921,340480659.76827407,159182077.61858356,12.77594536,12.77594536,2.00000000,-12.77594536,0.48574346,0.00000000,0.00000000
0.02694211,278631642.48350048,146449217.29056811,13.75133571,13.75133571,2.00000000,-13.75133571,0.48520950,0.00000000,0.00000000
0.02614168,835393735.96953154,501595464.38351238,14.67500123,14.67500123,2.00000000,-14.67500123,0.48472107,0.00000000,0.00000000
0.02535829,428973537.09477532,300764711.04543555,15.93934376,15.93934376,2.00000000,-15.93934376,0.48407682,0.00000000,0.00000000
0.02415020,280511473.27215946,236431534.99506021,17.06448208,17.06448208,2.00000000,-17.06448208,0.48352471,0.00000000,0.00000000
0.02302143,206519071.71749377,218310724.55247557,18.84426404,18.84426404,2.00000000,-18.84426404,0.48268736,0.00000000,0.00000000
0.02251002,5.25975474,5.82237842,19.87183106,19.87183106,2.00000000,-19.87183106,0.48222191,0.00000000,0.00000000
0.01944246,2.03549177,2.58640308,17.94530635,17.94530635,2.00000000,-17.94530635,0.48310510,0.00000000,0.00000000
0.01297865,10.62640410,37.47855637,11.10516914,11.10516914,1.00000000,-11.10516914,0.48670794,0.00000000,0.00000000
0.02467719,316.39623431,77.62646268,5.48748923,5.48748923,2.00000000,-5.48748923,0.49065548,0.00000000,0.00000000
0.02946527,60652088.39287958,15107130.05463663,7.91164813,7.91164813,2.00000000,-7.91164813,0.48878017,0.00000000,0.00000000
0.03238396,477908278.97566986,119036679.08475840,9.55665292,9.55665292,2.00000000,-9.55665292,0.48766913,0.00000000,0.00000000
0.03291344,267043530.73293072,66514806.65058255,9.87171222,9.87171222,2.00000000,-9.87171222,0.48746758,0.00000000,0.00000000
0.03199676,384397399.56928372,100920573.80738059,9.88035999,9.88035999,2.00000000,-9.88035999,0.48746210,0.00000000,0.00000000
0.03119216,647114032.86983728,180744409.98183930,9.98873660,9.98873660,2.00000000,-9.98873660,0.48739354,0.00000000,0.00000000
0.03047633,240402724.13766491,71486205.05771655,10.14117821,10.14117821,2.00000000,-10.14117821,0.48729774,0.00000000,0.00000000
0.02951159,642259523.53048086,204911598.93193519,10.18873760,10.18873760,2.00000000,-10.18873760,0.48726800,0.00000000,0.00000000
0.03420478,14.12198366,2.58392122,9.17973573,9.17973573,2.00000000,-9.17973573,0.48791466,0.00000000,0.00000000
0.03393822,11.54863202,2.03927301,9.25072285,9.25072285,2.00000000,-9.25072285,0.48786804,0.00000000,0.00000000
0.03281889,9.25601995,1.59984140,9.24557153,9.24557153,2.00000000,-9.24557153,0.48787142,0.00000000,0.00000000
0.02642327,151673222.58229214,68664924.98592982,11.47068291,11.47068291,2.00000000,-11.47068291,0.48649105,0.00000000,0.00000000
0.03096344,10.17880596,1.77051769,7.95018311,7.95018311,2.00000000,-7.95018311,0.48875289,0.00000000,0.00000000
0.02516693,208153217.24287081,119892412.43826091,13.08140144,13.08140144,2.00000000,-13.08140144,0.48557411,0.00000000,0.00000000
0.02446877,230564362.92250592,154034120.87822825,14.19662295,14.19662295,2.00000000,-14.19662295,0.48497205,0.00000000,0.00000000
0.02410223,214001634.56343019,170587710.77701235,16.17722480,16.17722480,2.00000000,-16.17722480,0.48395850,0.00000000,0.00000000
0.02303493,142231181.94658035,140591571.15787452,17.83900630,17.83900630,2.00000000,-17.83900630,0.48315518,0.00000000,0.00000000
0.02174968,327.98169519,424.58567042,19.75031278,19.75031278,2.00000000,-19.75031278,0.48227631,0.00000000,0.00000000
0.02154438,2.37413836,2.81459873,20.61957319,20.61957319,2.00000000,-20.61957319,0.48189074,0.00000000,0.00000000
0.01512843,763091.90126313,2641682.63895759,14.39075091,14.39075091,1.00000000,-14.39075091,0.48486970,0.00000000,0.00000000
0.01894001,821931124.52716613,302566870.40175724,4.82536116,4.82536116,2.00000000,-4.82536116,0.49123726,0.00000000,0.00000000
-0.00512441,171842183.05792266,524777163.09162688,1.69913627,1.69913627,2.00000000,-1.69913627,0.49479990,0.00000000,0.00000000
0.01890033,549540941.91216516,239095227.29104865,5.64891219,5.64891219,2.00000000,-5.64891219,0.49051906,0.00000000,0.00000000
0.01917000,324435867.83942437,155439397.60356498,6.37429496,6.37429496,2.00000000,-6.37429496,0.48992883,0.00000000,0.00000000
0.01898911,293525938.58132291,156611215.26500833,6.92895140,6.92895140,2.00000000,-6.92895140,0.48949989,0.00000000,0.00000000
0.01866328,191268984.12316108,115321572.96533120,7.50883709,7.50883709,2.00000000,-7.50883709,0.48906945,0.00000000,0.00000000
0.01797058,238134421.41203147,165375064.36819631,7.93519093,7.93519093,2.00000000,-7.93519093,0.48876349,0.00000000,0.00000000
0.01734348,216043821.92341053,177702511.94056368,8.61336953,8.61336953,2.00000000,-8.61336953,0.48829331,0.00000000,0.00000000
0.01616459,224225832.95888281,226653491.09417379,8.94734791,8.94734791,2.00000000,-8.94734791,0.48806857,0.00000000,0.00000000
0.01502194,15.29252537,18.54977507,9.13022338,9.13022338,2.00000000,-9.13022338,0.48794729,0.00000000,0.00000000
0.01399782,2.30448676,2.84528936,8.97504311,8.97504311,2.00000000,-8.97504311,0.48805012,0.00000000,0.00000000
0.00993155,29088777.50074244,98635934.64428765,6.17488983,6.17488983,1.00000000,-6.17488983,0.49008757,0.00000000,0.00000000
-0.02001309,183377908.61275434,205631335.31016469,15.01404703,15.01404703,2.00000000,-15.01404703,0.48454567,0.00000000,0.00000000
-0.02014621,4.54285456,5.42159625,17.01714395,17.01714395,2.00000000,-17.01714395,0.48354756,0.00000000,0.00000000
-0.01757174,1.58548673,2.16833895,16.02893190,16.02893190,2.00000000,-16.02893190,0.48403215,0.00000000,0.00000000
-0.00990172,4.28959130,15.19775074,7.10884854,7.10884854,2.00000000,-7.10884854,0.48936449,0.00000000,0.00000000
0.04353545,407976662.39038754,113757584.75139046,19.42571712,19.42571712,2.00000000,-19.42571712,0.48242246,0.00000000,0.00000000
0.04279678,223848142.99019212,67217126.70830354,20.19065036,20.19065036,2.00000000,-20.19065036,0.48207996,0.00000000,0.00000000
0.04136395,197430227.06804395,64258445.17510799,20.41054246,20.41054246,2.00000000,-20.41054246,0.48198270,0.00000000,0.00000000
0.03986457,321216876.32427239,114559394.00157166,20.72794859,20.72794859,2.00000000,-20.72794859,0.48184325,0.00000000,0.00000000
0.03818970,177740458.29990500,70842984.75628388,21.19177784,21.19177784,2.00000000,-21.19177784,0.48164136,0.00000000,0.00000000
0.03599261,824968239.96507788,381056262.89814258,21.69769574,21.69769574,2.00000000,-21.69769574,0.48142367,0.00000000,0.00000000
0.03381931,252042228.90177345,138105408.47887170,22.53811039,22.53811039,2.00000000,-22.53811039,0.48106760,0.00000000,0.00000000
0.03190611,133804825.10815817,87069135.34573495,23.55819497,23.55819497,2.00000000,-23.55819497,0.48064422,0.00000000,0.00000000
0.03058637,288350420.38440216,225531915.02640522,25.61172506,25.61172506,2.00000000,-25.61172506,0.47981893,0.00000000,0.00000000
0.02852843,269000030.03975487,258966475.80762476,26.76812372,26.76812372,2.00000000,-26.76812372,0.47936876,0.00000000,0.00000000
0.02563861,140348988.75508410,174009509.68550366,26.65801885,26.65801885,2.00000000,-26.65801885,0.47941120,0.00000000,0.00000000
0.02367110,4.65418478,6.42221178,25.99211778,25.99211778,2.00000000,-25.99211778,0.47966975,0.00000000,0.00000000
0.01819402,106012794.39009343,339892630.78454977,20.89386654,20.89386654,2.00000000,-20.89386654,0.48177077,0.00000000,0.00000000
0.00998888,2.26562500,37.50781250,11.21507799,11.21507799,1.00000000,-11.21507799,0.48664235,0.00000000,0.00000000
-0.04632301,367169216.35180664,125818400.53310722,26.91867420,26.91867420,2.00000000,-26.91867420,0.47931088,0.00000000,0.00000000
-0.04710930,443194695.42806864,165130862.45172387,30.20542937,30.20542937,2.00000000,-30.20542937,0.47808538,0.00000000,0.00000000
-0.04848196,131116104.84765786,53533000.39272888,34.95836613,34.95836613,2.00000000,-34.95836613,0.47642603,0.00000000,0.00000000
-0.04938877,817622730.61620808,369064320.72627616,39.96191826,39.96191826,2.00000000,-39.96191826,0.47479748,0.00000000,0.00000000
-0.04991745,199714096.12357438,100778267.24066871,45.41259046,45.41259046,2.00000000,-45.41259046,0.47313607,0.00000000,0.00000000
-0.04994173,606006257.16822839,346835274.78994036,51.20659345,51.20659345,2.00000000,-51.20659345,0.47147652,0.00000000,0.00000000
-0.04941921,456038580.64682174,301735754.37292087,57.39505918,57.39505918,2.00000000,-57.39505918,0.46980521,0.00000000,0.00000000
-0.04842042,390859224.36989677,306922763.04842484,64.41561171,64.41561171,2.00000000,-64.41561171,0.46801550,0.00000000,0.00000000
-0.04612969,161712840.07429916,156426032.00059533,70.26918925,70.26918925,2.00000000,-70.26918925,0.46659710,0.00000000,0.00000000
-0.04284069,63422229.57811083,80055702.54287240,75.30507322,75.30507322,2.00000000,-75.30507322,0.46542379,0.00000000,0.00000000
-0.04136592,3.03710999,3.74796324,75.86100064,75.86100064,2.00000000,-75.86100064,0.46529672,0.00000000,0.00000000
-0.03044720,22462280.87606620,75480002.17446497,58.00352879,58.00352879,1.00000000,-58.00352879,0.46964588,0.00000000,0.00000000
0.02646645,218032828.59910238,126474570.57952863,14.56363738,14.56363738,2.00000000,-14.56363738,0.48477913,0.00000000,0.00000000
0.03536054,5.29853183,1.53638909,18.14821127,18.14821127,2.00000000,-18.14821127,0.48300991,0.00000000,0.00000000
0.03514330,4.60290269,0.92167893,18.02547340,18.02547340,2.00000000,-18.02547340,0.48306743,0.00000000,0.00000000
0.02040459,71505784.24739414,67366327.60358745,13.44315641,13.44315641,2.00000000,-13.44315641,0.48537609,0.00000000,0.00000000
0.01778988,266.07348960,318.42768577,12.52964867,12.52964867,2.00000000,-12.52964867,0.48588149,0.00000000,0.00000000
0.01689980,3.71114972,4.46697184,12.21909139,12.21909139,2.00000000,-12.21909139,0.48605749,0.00000000,0.00000000
0.01228403,164938600.63417202,512389655.54127634,9.66535477,9.66535477,1.00000000,-9.66535477,0.48759922,0.00000000,0.00000000
0.01027103,281911845.51013392,131360209.44250539,1.78178444,1.78178444,2.00000000,-1.78178444,0.49467494,0.00000000,0.00000000
-0.00251832,68320265.65236419,158840323.57350540,0.43888055,0.43888055,2.00000000,-0.43888055,0.49735710,0.00000000,0.00000000
0.00902384,185617191.71800286,109006076.10082945,1.71269328,1.71269328,2.00000000,-1.71269328,0.49477920,0.00000000,0.00000000
0.00901824,22.63227047,13.97442036,1.83257814,1.83257814,2.00000000,-1.83257814,0.49459957,0.00000000,0.00000000
0.00865861,9.69562284,6.37423535,1.84451462,1.84451462,2.00000000,-1.84451462,0.49458202,0.00000000,0.00000000
0.00664110,94142907.17183411,116822350.58673221,1.78964048,1.78964048,2.00000000,-1.78964048,0.49466321,0.00000000,0.00000000
0.00565168,87214090.13688326,160750321.38848519,1.66748843,1.66748843,2.00000000,-1.66748843,0.49484855,0.00000000,0.00000000
0.00612010,1.40087307,1.42233820,1.77995771,1.77995771,2.00000000,-1.77995771,0.49467767,0.00000000,0.00000000
0.00234368,5.10729852,21.10491029,0.49717745,0.49717745,2.00000000,-0.49717745,0.49718705,0.00000000,0.00000000
-0.00776434,363776683.15744734,332914751.65472937,1.89756119,1.89756119,2.00000000,-1.89756119,0.49450466,0.00000000,0.00000000
-0.00734248,55729516.18729456,66368436.09421763,2.12556854,2.12556854,2.00000000,-2.12556854,0.49418390,0.00000000,0.00000000
-0.00877602,2.16169155,1.64352363,2.67140883,2.67140883,2.00000000,-2.67140883,0.49347980,0.00000000,0.00000000
0.03282339,581649013.66824651,180391997.01542377,12.25896526,12.25896526,2.00000000,-12.25896526,0.48603477,0.00000000,0.00000000
0.03262409,440131679.14102101,146988762.64273906,13.02034084,13.02034084,2.00000000,-13.02034084,0.48560781,0.00000000,0.00000000
0.03226950,496702178.38966203,179925291.04059541,13.78964138,13.78964138,2.00000000,-13.78964138,0.48518892,0.00000000,0.00000000
0.03146104,219618131.00673771,87015663.62329730,14.29950712,14.29950712,2.00000000,-14.29950712,0.48491772,0.00000000,0.00000000
0.03053913,113499176.05150583,49716239.61747254,14.84445286,14.84445286,2.00000000,-14.84445286,0.48463315,0.00000000,0.00000000
0.02961540,232738051.58106303,114158079.38472739,15.55857213,15.55857213,2.00000000,-15.55857213,0.48426806,0.00000000,0.00000000
0.00821271,9.02957790,24.56698902,4.43686173,4.43686173,2.00000000,-4.43686173,0.49159736,0.00000000,0.00000000
0.02669543,161126519.93962497,104247446.50592744,16.40434936,16.40434936,2.00000000,-16.40434936,0.48384634,0.00000000,0.00000000
0.02502250,234977448.62527490,181177763.60617018,16.92130544,16.92130544,2.00000000,-16.92130544,0.48359393,0.00000000,0.00000000
0.02355828,187184611.28375685,178750742.27038431,18.12902494,18.12902494,2.00000000,-18.12902494,0.48301889,0.00000000,0.00000000
0.02145159,177.01078393,220.40971576,18.72614508,18.72614508,2.00000000,-18.72614508,0.48274167,0.00000000,0.00000000
0.02075787,3.15506231,3.79306775,18.68657681,18.68657681,2.00000000,-18.68657681,0.48275990,0.00000000,0.00000000
0.01538449,26.98593236,90.78579880,14.85215608,14.85215608,2.00000000,-14.85215608,0.48462917,0.00000000,0.00000000
-0.03407276,241752777.27727008,129849706.04753065,22.44970522,22.44970522,2.00000000,-22.44970522,0.48110474,0.00000000,0.00000000
-0.03313527,518608128.50236559,335251349.56714654,25.25376628,25.25376628,2.00000000,-25.25376628,0.47996034,0.00000000,0.00000000
-0.03145334,362413789.44272852,284576969.31685436,27.18035436,27.18035436,2.00000000,-27.18035436,0.47921065,0.00000000,0.00000000
-0.02936215,168529104.84020680,166465609.92309183,28.96767692,28.96767692,2.00000000,-28.96767692,0.47853864,0.00000000,0.00000000
-0.02708009,19.71214561,24.24283464,29.85698082,29.85698082,2.00000000,-29.85698082,0.47821202,0.00000000,0.00000000
-0.02698000,2.42337933,2.60718714,30.24283188,30.24283188,2.00000000,-30.24283188,0.47807183,0.00000000,0.00000000
-0.01892771,1.32335178,2.39496070,22.22570154,22.22570154,2.00000000,-22.22570154,0.48119917,0.00000000,0.00000000
-0.00722194,5.00000000,29.50000000,5.86209739,5.86209739,1.00000000,-5.86209739,0.49034185,0.00000000,0.00000000
0.02493855,338374893.97167242,164270163.81337118,10.92452258,10.92452258,2.00000000,-10.92452258,0.48681645,0.00000000,0.00000000
-0.01023827,2.43039652,3.37755546,5.15934229,5.15934229,2.00000000,-5.15934229,0.49093913,0.00000000,0.00000000
0.02534070,343788724.56563926,221312669.22349799,14.71294007,14.71294007,2.00000000,-14.71294007,0.48470134,0.00000000,0.00000000
0.02483467,342243562.21141911,262489964.84117055,16.58841219,16.58841219,2.00000000,-16.58841219,0.48375602,0.00000000,0.00000000
0.02369806,25.18075944,22.20429536,17.35045253,17.35045253,2.00000000,-17.35045253,0.48338731,0.00000000,0.00000000
0.02276857,5.73963765,5.30432273,17.53819077,17.53819077,2.00000000,-17.53819077,0.48329773,0.00000000,0.00000000
0.02053660,2.57035643,2.60815367,16.69491355,16.69491355,2.00000000,-16.69491355,0.48370399,0.00000000,0.00000000
0.01536112,1.34557936,1.71308835,12.50503735,12.50503735,2.00000000,-12.50503735,0.48589536,0.00000000,0.00000000
0.00787803,8.52731130,30.15300282,4.15668947,4.15668947,2.00000000,-4.15668947,0.49186694,0.00000000,0.00000000
-0.01767836,163807459.60523611,60525079.88583085,4.21914849,4.21914849,2.00000000,-4.21914849,0.49180608,0.00000000,0.00000000
-0.01757262,262315065.10027236,105833128.50300378,4.54010569,4.54010569,2.00000000,-4.54010569,0.49150017,0.00000000,0.00000000
-0.01679965,116484110.86518940,51584519.00072375,4.53960726,4.53960726,2.00000000,-4.53960726,0.49150064,0.00000000,0.00000000
-0.01619926,13907257.16570404,6815845.97033614,4.65136623,4.65136623,2.00000000,-4.65136623,0.49139667,0.00000000,0.00000000
-0.01666951,16.52943611,7.71592156,4.89851176,4.89851176,2.00000000,-4.89851176,0.49117110,0.00000000,0.00000000
-0.01651103,7.92538149,3.60346463,4.96657258,4.96657258,2.00000000,-4.96657258,0.49110998,0.00000000,0.00000000
-0.00846432,79.59991874,195.09465221,5.13205143,5.13205143,2.00000000,-5.13205143,0.49096312,0.00000000,0.00000000
-0.00618189,5.00000000,29.50000000,4.29525341,4.29525341,1.00000000,-4.29525341,0.49173252,0.00000000,0.00000000
-0.01030550,8.84365970,7.31282282,3.19637013,3.19637013,2.00000000,-3.19637013,0.49286793,0.00000000,0.00000000
-0.00970656,3.40145175,2.90415488,3.16460654,3.16460654,2.00000000,-3.16460654,0.49290345,0.00000000,0.00000000
-0.00775215,2.11241132,2.17909511,2.49420457,2.49420457,2.00000000,-2.49420457,0.49369975,0.00000000,0.00000000
-0.00509261,80151917.01745135,245397753.24586231,1.67543271,1.67543271,2.00000000,-1.67543271,0.49483629,0.00000000,0.00000000
0.01388476,304201296.46476316,196731359.19883299,4.43598208,4.43598208,2.00000000,-4.43598208,0.49159819,0.00000000,0.00000000
0.01391342,214779325.59847653,163061784.58581084,5.15880721,5.15880721,2.00000000,-5.15880721,0.49093960,0.00000000,0.00000000
0.01330797,324297641.64808989,299029267.01049149,5.61185543,5.61185543,2.00000000,-5.61185543,0.49055020,0.00000000,0.00000000
0.01221046,211278743.65981930,250739267.08005261,5.86279246,5.86279246,2.00000000,-5.86279246,0.49034127,0.00000000,0.00000000
0.01114536,308941293.66310632,533903959.95081997,6.38307884,6.38307884,2.00000000,-6.38307884,0.48992189,0.00000000,0.00000000
0.01021484,13272083.59612236,44478311.93572363,6.52858384,6.52858384,1.00000000,-6.52858384,0.48980770,0.00000000,0.00000000
-0.01187723,389569479.34503961,165565334.33051318,2.18092779,2.18092779,2.00000000,-2.18092779,0.49410865,0.00000000,0.00000000
-0.00857877,160217695.83401716,270344462.81794024,3.76759355,3.76759355,2.00000000,-3.76759355,0.49225690,0.00000000,0.00000000
-0.00787522,144002339.77285695,435609099.34168363,4.03769490,4.03769490,2.00000000,-4.03769490,0.49198419,0.00000000,0.00000000
-0.01092085,121038274.98721594,76116011.14154470,2.67391261,2.67391261,2.00000000,-2.67391261,0.49347675,0.00000000,0.00000000
-0.01032443,399936634.63687205,300647652.90306199,2.81524861,2.81524861,2.00000000,-2.81524861,0.49330658,0.00000000,0.00000000
-0.01040185,144101742.06407505,135208282.47420961,3.48123976,3.48123976,2.00000000,-3.48123976,0.49255693,0.00000000,0.00000000
-0.00978371,209778691.63110089,262365498.31420922,3.90407889,3.90407889,2.00000000,-3.90407889,0.49211792,0.00000000,0.00000000
-0.00901192,151799694.38540661,285618748.47096336,4.28811692,4.28811692,2.00000000,-4.28811692,0.49173939,0.00000000,0.00000000
-0.00820513,9.82324186,34.30519952,4.41395932,4.41395932,2.00000000,-4.41395932,0.49161907,0.00000000,0.00000000
0.02185048,359550718.38948655,89556352.86921123,4.35078772,4.35078772,2.00000000,-4.35078772,0.49167925,0.00000000,0.00000000
0.02409582,428252822.56051278,106668572.20794314,5.29089684,5.29089684,2.00000000,-5.29089684,0.49082436,0.00000000,0.00000000
0.01499290,447724115.56824207,217997500.52892017,3.95962304,3.95962304,2.00000000,-3.95962304,0.49206205,0.00000000,0.00000000
0.01536347,393139248.54393077,217893782.02415264,4.70162242,4.70162242,2.00000000,-4.70162242,0.49135032,0.00000000,0.00000000
0.01563555,343130456.22514224,220844221.23359418,5.60024552,5.60024552,2.00000000,-5.60024552,0.49055998,0.00000000,0.00000000
0.01570457,323343768.96378791,248012090.68597895,6.63388977,6.63388977,2.00000000,-6.63388977,0.48972584,0.00000000,0.00000000
0.01538189,297292320.04919934,282632642.10632372,7.69931985,7.69931985,2.00000000,-7.69931985,0.48893171,0.00000000,0.00000000
0.01455947,83197027.64665607,104333540.98849815,8.66089849,8.66089849,2.00000000,-8.66089849,0.48826106,0.00000000,0.00000000
0.01531078,2.30201857,2.41448181,9.66403169,9.66403169,2.00000000,-9.66403169,0.48760007,0.00000000,0.00000000
0.01023225,23440306.10570247,78499097.44740966,6.55091151,6.55091151,1.00000000,-6.55091151,0.48979029,0.00000000,0.00000000
0.02168179,462295036.36076403,231678279.88011760,8.51165185,8.51165185,2.00000000,-8.51165185,0.48836262,0.00000000,0.00000000
0.02171120,447667503.14151239,254834329.13532472,9.62859491,9.62859491,2.00000000,-9.62859491,0.48762282,0.00000000,0.00000000
0.02208177,612647960.77319384,405971475.93535423,11.47518731,11.47518731,2.00000000,-11.47518731,0.48648840,0.00000000,0.00000000
0.02214278,207048758.63120162,164986482.97315252,13.64945826,13.64945826,2.00000000,-13.64945826,0.48526436,0.00000000,0.00000000
0.02133172,180880383.21357191,181755327.11059618,15.50593956,15.50593956,2.00000000,-15.50593956,0.48429468,0.00000000,0.00000000
0.02043645,14.50037007,17.91717251,17.16405944,17.16405944,2.00000000,-17.16405944,0.48347674,0.00000000,0.00000000
0.02051760,2.05663223,2.33687557,18.63044528,18.63044528,2.00000000,-18.63044528,0.48278580,0.00000000,0.00000000
0.01329895,10.41492967,36.25289624,11.52807423,11.52807423,1.00000000,-11.52807423,0.48645731,0.00000000,0.00000000
0.00509382,2.26562500,37.50781250,2.91646195,2.91646195,1.00000000,-2.91646195,0.49318733,0.00000000,0.00000000
-0.01525078,157827325.77733880,211793232.40622532,9.96871641,9.96871641,2.00000000,-9.96871641,0.48740618,0.00000000,0.00000000
-0.01354379,114401803.88251874,231332724.80582130,10.42723846,10.42723846,2.00000000,-10.42723846,0.48711990,0.00000000,0.00000000
-0.01147805,6.67532955,24.44028382,9.43457492,9.43457492,2.00000000,-9.43457492,0.48774811,0.00000000,0.00000000
0.01990227,238551229.76368368,160521315.43818402,9.45473246,9.45473246,2.00000000,-9.45473246,0.48773504,0.00000000,0.00000000
0.01944221,167573504.82997334,134544950.30191028,10.59447340,10.59447340,2.00000000,-10.59447340,0.48701706,0.00000000,0.00000000
0.01832950,50.07766937,48.16472737,11.10539861,11.10539861,2.00000000,-11.10539861,0.48670780,0.00000000,0.00000000
0.01716603,6.18361001,6.35022220,10.79103893,10.79103893,2.00000000,-10.79103893,0.48689722,0.00000000,0.00000000
0.01609424,1.98878436,2.04703892,10.88857359,10.88857359,2.00000000,-10.88857359,0.48683816,0.00000000,0.00000000
0.01021822,14826813.79126454,49681791.57449993,6.53291142,6.53291142,1.00000000,-6.53291142,0.48980432,0.00000000,0.00000000
-0.00580021,27.23468671,22.59437635,0.98421803,0.98421803,2.00000000,-0.98421803,0.49604225,0.00000000,0.00000000
-0.00565169,87214090.13688326,160750321.38848519,1.66749116,1.66749116,2.00000000,-1.66749116,0.49484855,0.00000000,0.00000000
0.02839952,593876927.79646182,174671668.31629455,8.71193284,8.71193284,2.00000000,-8.71193284,0.48822654,0.00000000,0.00000000
0.02852347,281495053.15991783,88901739.79916763,9.42356443,9.42356443,2.00000000,-9.42356443,0.48775526,0.00000000,0.00000000
0.02839874,495125524.37580991,168528057.71918738,10.05094526,10.05094526,2.00000000,-10.05094526,0.48735436,0.00000000,0.00000000
0.02795596,250096874.14184070,92305101.20087290,10.53947115,10.53947115,2.00000000,-10.53947115,0.48705079,0.00000000,0.00000000
0.02753882,174404505.42405683,70334940.40089774,11.14563527,11.14563527,2.00000000,-11.14563527,0.48668375,0.00000000,0.00000000
0.02641186,255752643.39079428,113628764.68645066,11.25580335,11.25580335,2.00000000,-11.25580335,0.48661813,0.00000000,0.00000000
0.02524846,200885799.89237005,99430679.12157375,11.40653196,11.40653196,2.00000000,-11.40653196,0.48652886,0.00000000,0.00000000
0.02384709,81709997.22637504,45656747.68011156,11.41479802,11.41479802,2.00000000,-11.41479802,0.48652398,0.00000000,0.00000000
0.02376337,21.29327256,12.13412612,11.84401618,11.84401618,2.00000000,-11.84401618,0.48627306,0.00000000,0.00000000
0.02304259,9.45559063,5.55288157,11.85908052,11.85908052,2.00000000,-11.85908052,0.48626433,0.00000000,0.00000000
0.02180614,5.47016041,3.37283084,11.65316640,11.65316640,2.00000000,-11.65316640,0.48638406,0.00000000,0.00000000
0.01857948,3.95520611,2.85338244,10.00577960,10.00577960,2.00000000,-10.00577960,0.48738280,0.00000000,0.00000000
0.01084081,13.31266717,52.12125754,8.88003844,8.88003844,2.00000000,-8.88003844,0.48811352,0.00000000,0.00000000
0.00999927,4.20795991,6.42201764,4.99337164,4.99337164,2.00000000,-4.99337164,0.49108604,0.00000000,0.00000000
-0.02984628,499439778.46033955,267837025.44812030,17.20010995,17.20010995,2.00000000,-17.20010995,0.48345940,0.00000000,0.00000000
-0.02967685,1069724233.77892232,656576849.27828836,19.30468755,19.30468755,2.00000000,-19.30468755,0.48247727,0.00000000,0.00000000
-0.02862276,249258270.33538592,178472620.02986568,20.70054611,20.70054611,2.00000000,-20.70054611,0.48185524,0.00000000,0.00000000
-0.02669309,412705593.17558527,353768228.91905594,21.15968541,21.15968541,2.00000000,-21.15968541,0.48165526,0.00000000,0.00000000
-0.02435184,30.47526425,30.94188424,20.60300790,20.60300790,2.00000000,-20.60300790,0.48189801,0.00000000,0.00000000
-0.02250906,5.26089528,5.82409825,19.87107704,19.87107704,2.00000000,-19.87107704,0.48222224,0.00000000,0.00000000
-0.01943987,2.03631210,2.58862397,17.94444665,17.94444665,2.00000000,-17.94444665,0.48310550,0.00000000,0.00000000
-0.01297820,11.29952599,39.97260530,11.10458821,11.10458821,1.00000000,-11.10458821,0.48670829,0.00000000,0.00000000
0.02332987,17.11409221,4.17238943,5.30792535,5.30792535,2.00000000,-5.30792535,0.49080961,0.00000000,0.00000000
0.02724771,9.18258394,1.58665890,6.39431141,6.39431141,2.00000000,-6.39431141,0.48991303,0.00000000,0.00000000
0.02632032,9.66892610,1.67506412,5.84602031,5.84602031,2.00000000,-5.84602031,0.49035510,0.00000000,0.00000000
0.02595488,9.31223948,1.60997389,5.76824426,5.76824426,2.00000000,-5.76824426,0.49041946,0.00000000,0.00000000
0.02468101,7.13119072,1.24360014,6.04529388,6.04529388,2.00000000,-6.04529388,0.49019212,0.00000000,0.00000000
0.02302741,7.99100348,1.38137418,4.89464215,4.89464215,2.00000000,-4.89464215,0.49117459,0.00000000,0.00000000
0.02243702,10.12801698,1.76095596,4.18126123,4.18126123,2.00000000,-4.18126123,0.49184294,0.00000000,0.00000000
0.01358934,429.57424688,263.15439686,4.04501631,4.04501631,2.00000000,-4.04501631,0.49197692,0.00000000,0.00000000
0.01325535,17.17787637,10.81862577,4.06082860,4.06082860,2.00000000,-4.06082860,0.49196126,0.00000000,0.00000000
0.01281797,7.13771348,4.61010538,4.06806796,4.06806796,2.00000000,-4.06806796,0.49195410,0.00000000,0.00000000
0.01207683,3.69444747,2.41552439,3.98099963,3.98099963,2.00000000,-3.98099963,0.49204066,0.00000000,0.00000000
0.00955548,3.24891381,2.76230890,3.07896816,3.07896816,2.00000000,-3.07896816,0.49300012,0.00000000,0.00000000
0.01875048,475070226.03810894,182654823.57006770,4.93335525,4.93335525,2.00000000,-4.93335525,0.49113976,0.00000000,0.00000000
0.01831870,183927149.78396118,78514033.49914685,5.21012488,5.21012488,2.00000000,-5.21012488,0.49089465,0.00000000,0.00000000
0.01804077,206485784.09389853,99301964.70489955,5.66579569,5.66579569,2.00000000,-5.66579569,0.49050490,0.00000000,0.00000000
0.01774896,296314645.79230583,163251729.93114328,6.23976230,6.23976230,2.00000000,-6.23976230,0.49003565,0.00000000,0.00000000
0.01766039,425939348.98881626,274564941.54198658,7.15488354,7.15488354,2.00000000,-7.15488354,0.48933012,0.00000000,0.00000000
0.01748376,447764549.43577170,346517221.53305852,8.28870816,8.28870816,2.00000000,-8.28870816,0.48851599,0.00000000,0.00000000
0.01655077,233735008.32903171,224590138.36122835,8.99504176,8.99504176,2.00000000,-8.99504176,0.48803682,0.00000000,0.00000000
0.01604309,8.81161037,9.37965523,9.54418070,9.54418070,2.00000000,-9.54418070,0.48767717,0.00000000,0.00000000
0.01559723,2.32441548,2.27230394,9.57120740,9.57120740,2.00000000,-9.57120740,0.48765974,0.00000000,0.00000000
0.01025637,32327.50077282,108153.33508792,6.58196862,6.58196862,1.00000000,-6.58196862,0.48976612,0.00000000,0.00000000
0.00512817,2.50000000,28.25000000,2.95592109,2.95592109,1.00000000,-2.95592109,0.49314141,0.00000000,0.00000000
-0.00601287,227741541.99825561,128837554.76673639,0.73420623,0.73420623,2.00000000,-0.73420623,0.49658167,0.00000000,0.00000000
-0.00589905,249968160.47982830,158909370.72542924,0.78808624,0.78808624,2.00000000,-0.78808624,0.49645847,0.00000000,0.00000000
-0.00574848,435086799.15052056,316114457.22995865,0.84613772,0.84613772,2.00000000,-0.84613772,0.49633035,0.00000000,0.00000000
-0.00317865,110770454.87102491,255309232.85128450,0.69275217,0.69275217,2.00000000,-0.69275217,0.49667957,0.00000000,0.00000000
-0.00537990,173781326.58185995,178938996.79867661,1.00635736,1.00635736,2.00000000,-1.00635736,0.49599798,0.00000000,0.00000000
0.01081866,210818992.10934865,150507342.60214436,2.94947532,2.94947532,2.00000000,-2.94947532,0.49314889,0.00000000,0.00000000
0.01155241,216880602.42546004,185811288.06175673,3.96146516,3.96146516,2.00000000,-3.96146516,0.49206020,0.00000000,0.00000000
0.01188424,102105110.09920463,109948991.90899089,5.10420394,5.10420394,2.00000000,-5.10420394,0.49098767,0.00000000,0.00000000
0.01156588,48.22391124,69.38958337,6.18990624,6.18990624,2.00000000,-6.18990624,0.49007553,0.00000000,0.00000000
0.01172178,1.76599692,2.61853686,7.28674507,7.28674507,2.00000000,-7.28674507,0.48923227,0.00000000,0.00000000
0.00716935,14.85787931,57.18595011,3.74787082,3.74787082,2.00000000,-3.74787082,0.49227719,0.00000000,0.00000000
-0.01596937,5.28073373,3.87097416,7.21150742,7.21150742,2.00000000,-7.21150742,0.48928799,0.00000000,0.00000000
-0.01630690,2.19045137,1.56115570,8.88537185,8.88537185,2.00000000,-8.88537185,0.48810995,0.00000000,0.00000000
-0.00798688,1.00000925,1.70964523,4.32833679,4.32833679,2.00000000,-4.32833679,0.49170074,0.00000000,0.00000000
-0.00687240,2.52247814,3.35147722,2.24667283,2.24667283,2.00000000,-2.24667283,0.49402052,0.00000000,0.00000000
-0.00509734,101303960.04605633,339776328.07687044,1.62569945,1.62569945,2.00000000,-1.62569945,0.49491351,0.00000000,0.00000000
0.00498437,124443613.78264654,203527761.97467536,1.26136896,1.26136896,2.00000000,-1.26136896,0.49551955,0.00000000,0.00000000
0.00543943,2.58635842,6.66452906,1.85282979,1.85282979,2.00000000,-1.85282979,0.49456982,0.00000000,0.00000000
0.00256448,2.50000000,28.25000000,0.73921026,0.73921026,1.00000000,-0.73921026,0.49657004,0.00000000,0.00000000
0.00732231,31.84972386,23.57452571,1.41467265,1.41467265,2.00000000,-1.41467265,0.49525509,0.00000000,0.00000000
0.00631865,111213614.75856492,128336911.36458218,1.53477697,1.53477697,2.00000000,-1.53477697,0.49505779,0.00000000,0.00000000
0.00564388,137700718.20535451,234521939.97352076,1.63329593,1.63329593,2.00000000,-1.63329593,0.49490164,0.00000000,0.00000000
0.00618605,1.64530205,1.67965300,1.69889100,1.69889100,2.00000000,-1.69889100,0.49480027,0.00000000,0.00000000
-0.01447071,284570353.13855016,169662935.82811415,4.46708501,4.46708501,2.00000000,-4.46708501,0.49156879,0.00000000,0.00000000
-0.01452725,117619905.43527746,81278104.96548721,5.16207905,5.16207905,2.00000000,-5.16207905,0.49093673,0.00000000,0.00000000
-0.01395548,86018386.19292545,70376081.39034230,5.55059315,5.55059315,2.00000000,-5.55059315,0.49060191,0.00000000,0.00000000
-0.01331261,32.15232775,30.67876322,5.83941246,5.83941246,2.00000000,-5.83941246,0.49036055,0.00000000,0.00000000
-0.01205961,6.49312758,6.83009163,5.41323764,5.41323764,2.00000000,-5.41323764,0.49071890,0.00000000,0.00000000
-0.01106080,1.70169260,1.76504624,5.40664849,5.40664849,2.00000000,-5.40664849,0.49072455,0.00000000,0.00000000
-0.00724023,117314867.99061847,341767596.76600587,3.50612932,3.50612932,2.00000000,-3.50612932,0.49253038,0.00000000,0.00000000
0.00823248,215065778.81049705,165388848.75621867,1.82725196,1.82725196,2.00000000,-1.82725196,0.49460743,0.00000000,0.00000000
0.00526146,2.16294676,3.80338503,1.58719308,1.58719308,2.00000000,-1.58719308,0.49497410,0.00000000,0.00000000
0.00677954,44067833.06589988,52830399.56831619,1.82112384,1.82112384,2.00000000,-1.82112384,0.49461648,0.00000000,0.00000000
0.00560346,477699126.41797256,820799726.55599546,1.61212640,1.61212640,2.00000000,-1.61212640,0.49493478,0.00000000,0.00000000
0.00513131,3.00534925,7.84545875,1.64572087,1.64572087,2.00000000,-1.64572087,0.49488228,0.00000000,0.00000000
0.00256721,2.73763261,14.47239664,0.73918475,0.73918475,2.00000000,-0.73918475,0.49657010,0.00000000,0.00000000
-0.01142478,662264727.29440308,417900380.54117119,2.93570639,2.93570639,2.00000000,-2.93570639,0.49316490,0.00000000,0.00000000
-0.01191752,186519432.42079651,138381081.58893681,3.70651292,3.70651292,2.00000000,-3.70651292,0.49231992,0.00000000,0.00000000
-0.01220087,245738629.30086958,222427030.86788416,4.63993920,4.63993920,2.00000000,-4.63993920,0.49140724,0.00000000,0.00000000
-0.01208338,128461977.15778059,150385549.44967180,5.67994343,5.67994343,2.00000000,-5.67994343,0.49049306,0.00000000,0.00000000
-0.01149817,311534200.81201565,532559192.70716095,6.78293345,6.78293345,2.00000000,-6.78293345,0.48961110,0.00000000,0.00000000
-0.01052381,56651508.62567232,187519898.97119653,6.93514105,6.93514105,2.00000000,-6.93514105,0.48949521,0.00000000,0.00000000
0.03075583,106.01797049,28.92965236,9.58425174,9.58425174,2.00000000,-9.58425174,0.48765134,0.00000000,0.00000000
0.01387174,126130803.82064164,155139135.86680257,7.76248915,7.76248915,2.00000000,-7.76248915,0.48888641,0.00000000,0.00000000
0.01288708,4.93657418,6.87546142,7.73118432,7.73118432,2.00000000,-7.73118432,0.48890884,0.00000000,0.00000000
0.01022399,25079855.60655896,84018027.25119579,6.54030218,6.54030218,1.00000000,-6.54030218,0.48979856,0.00000000,0.00000000
0.02565819,27.87602401,9.51848351,8.49869785,8.49869785,2.00000000,-8.49869785,0.48837147,0.00000000,0.00000000
-0.19608635,19.89404315,3.91212851,304.02533172,304.02533172,2.00000000,-304.02533172,0.43079001,0.00000000,0.00000000
-0.48378425,65.94220551,15.26505739,2023.66533089,2023.66533089,2.00000000,-2023.66533089,0.32640870,0.00000000,0.00000000
-0.24388922,11.80672790,2.09178126,475.78341335,475.78341335,2.00000000,-475.78341335,0.41366602,0.00000000,0.00000000
-1.00019932,459725675.21004701,114507985.43834263,9116.32972672,9116.32972672,2.00000000,-9116.32972672,0.16984076,0.00000000,0.00000000
-1.03804936,31.29758360,6.68028559,8852.15081057,8852.15081057,2.00000000,-8852.15081057,0.17338864,0.00000000,0.00000000
-1.57069011,1080492995.26043892,269128240.15012574,22481.65521221,22481.65521221,2.00000000,-22481.65521221,0.06688645,0.00000000,0.00000000
-1.85997652,1471048316.34022903,366444899.81181240,31529.33304766,31529.33304766,2.00000000,-31529.33304766,0.03789530,0.00000000,0.00000000
-2.13649083,639904732.54988956,159386525.78891808,41595.66907138,41595.66907138,2.00000000,-41595.66907138,0.02069999,0.00000000,0.00000000
-2.39008508,1394542142.69269657,347350467.21105433,52056.23176485,52056.23176485,1.00000000,-52056.23176485,0.01125697,0.00000000,0.00000000
-2.59512173,350233791.48289967,87235706.45427096,61370.75470433,61370.75470433,2.00000000,-61370.75470433,0.00661880,0.00000000,0.00000000
-2.75153675,330473399.95584321,82313817.96172807,68991.66601519,68991.66601519,2.00000000,-68991.66601519,0.00431180,0.00000000,0.00000000
-2.85780736,421064362.72570300,104878079.12362194,74423.81024332,74423.81024332,2.00000000,-74423.81024332,0.00318528,0.00000000,0.00000000
-2.98951441,79.99520059,18.75995770,77969.00878812,77969.00878812,2.00000000,-77969.00878812,0.00261680,0.00000000,0.00000000
-3.10983904,39.73312426,8.76111801,81002.06543528,81002.06543528,2.00000000,-81002.06543528,0.00221301,0.00000000,0.00000000
-3.19877778,26.91726498,5.60710214,82955.65344206,82955.65344206,2.00000000,-82955.65344206,0.00198710,0.00000000,0.00000000
-3.25915513,20.62177927,4.08526277,84206.49356220,84206.49356220,2.00000000,-84206.49356220,0.00185492,0.00000000,0.00000000
-3.28178152,16.87407490,3.20464947,84429.55441315,84429.55441315,2.00000000,-84429.55441315,0.00183230,0.00000000,0.00000000
-3.25981516,14.40563715,2.66522829,83797.45248932,83797.45248932,2.00000000,-83797.45248932,0.00189713,0.00000000,0.00000000
-3.17107669,12.56888169,2.35565040,82557.09009555,82557.09009555,2.00000000,-82557.09009555,0.00203120,0.00000000,0.00000000
-3.08294109,10.90608329,2.05388313,81295.83773503,81295.83773503,2.00000000,-81295.83773503,0.00217744,0.00000000,0.00000000
-2.94541198,9.56234344,1.84384145,78614.80423978,78614.80423978,2.00000000,-78614.80423978,0.00252495,0.00000000,0.00000000
-2.78931490,8.37573770,1.64951054,75071.46382665,75071.46382665,2.00000000,-75071.46382665,0.00307273,0.00000000,0.00000000
-2.57757504,7.47256737,1.54031551,69071.30538097,69071.30538097,2.00000000,-69071.30538097,0.00429263,0.00000000,0.00000000
-2.34228043,6.69242178,1.45802219,61813.60906876,61813.60906876,2.00000000,-61813.60906876,0.00645515,0.00000000,0.00000000
-2.07244478,6.10650994,1.45713783,52900.15638132,52900.15638132,2.00000000,-52900.15638132,0.01072401,0.00000000,0.00000000
-1.81948109,5.52409363,1.43594125,44632.58342825,44632.58342825,2.00000000,-44632.58342825,0.01731569,0.00000000,0.00000000
-1.58008281,4.95578474,1.39162262,36857.36099585,36857.36099585,2.00000000,-36857.36099585,0.02743987,0.00000000,0.00000000
-1.34067728,4.47911766,1.38047190,29141.78179081,29141.78179081,2.00000000,-29141.78179081,0.04390207,0.00000000,0.00000000
-1.10110287,4.09580052,1.46547187,22003.49204542,22003.49204542,2.00000000,-22003.49204542,0.06898974,0.00000000,0.00000000
-0.90419218,3.54230024,1.43084810,16837.21748881,16837.21748881,2.00000000,-16837.21748881,0.09721533,0.00000000,0.00000000
-0.71733492,3.00951026,1.38414033,12169.03755145,12169.03755145,2.00000000,-12169.03755145,0.13498457,0.00000000,0.00000000
-0.54120038,2.52584941,1.34233060,8046.78944256,8046.78944256,2.00000000,-8046.78944256,0.18484906,0.00000000,0.00000000
-0.38615135,2.06143061,1.21613755,4769.03049244,4769.03049244,2.00000000,-4769.03049244,0.24491423,0.00000000,0.00000000
-0.24654933,1.94188641,1.37649758,2141.19987016,2141.19987016,2.00000000,-2141.19987016,0.32177859,0.00000000,0.00000000
-0.15597642,1.60075097,1.35299941,1010.66533102,1010.66533102,2.00000000,-1010.66533102,0.37527674,0.00000000,0.00000000
0.23789020,129190117.61217350,56611276.18549542,901.08514489,901.08514489,2.00000000,-901.08514489,0.38201962,0.00000000,0.00000000
0.25907163,20.26618114,7.69403164,969.08480821,969.08480821,2.00000000,-969.08480821,0.37778580,0.00000000,0.00000000
0.26847913,11.56046005,4.22535998,1044.83855294,1044.83855294,2.00000000,-1044.83855294,0.37325689,0.00000000,0.00000000
0.27323782,7.73912678,2.75747953,1117.77321691,1117.77321691,2.00000000,-1117.77321691,0.36906484,0.00000000,0.00000000
0.26731137,5.62310004,1.98252312,1142.31845977,1142.31845977,2.00000000,-1142.31845977,0.36768837,0.00000000,0.00000000
0.24538056,4.38458251,1.57874978,1063.62602410,1063.62602410,2.00000000,-1063.62602410,0.37216194,0.00000000,0.00000000
0.20483113,3.71521326,1.52420899,851.66443778,851.66443778,2.00000000,-851.66443778,0.38520719,0.00000000,0.00000000
0.17320734,2.84579286,1.13653498,700.51348582,700.51348582,2.00000000,-700.51348582,0.39563102,0.00000000,0.00000000
0.12343718,2.89815264,1.41912654,377.25306401,377.25306401,2.00000000,-377.25306401,0.42299788,0.00000000,0.00000000
0.09303470,2.45498436,1.33865199,243.83512643,243.83512643,2.00000000,-243.83512643,0.43795652,0.00000000,0.00000000
0.06526212,5.24189827,4.90597136,146.51412805,146.51412805,2.00000000,-146.51412805,0.45182848,0.00000000,0.00000000
0.05025274,6.25360000,9.19617829,120.73021770,120.73021770,2.00000000,-120.73021770,0.45625334,0.00000000,0.00000000
0.04088131,22988166.10160796,77022298.89090827,104.56977710,104.56977710,1.00000000,-104.56977710,0.45927540,0.00000000,0.00000000
-0.03556416,138285322.95839387,149130136.09169734,45.77060168,45.77060168,2.00000000,-45.77060168,0.47303054,0.00000000,0.00000000
-0.03610696,139450182.46948940,213627266.51451743,63.60415617,63.60415617,2.00000000,-63.60415617,0.46821717,0.00000000,0.00000000
-0.03187239,3.98510605,8.57011661,65.47489793,65.47489793,2.00000000,-65.47489793,0.46775415,0.00000000,0.00000000
-0.02063148,5.00000000,32.00000000,47.84417540,47.84417540,1.00000000,-47.84417540,0.47242736,0.00000000,0.00000000
-0.01265075,74927717.21729854,173452350.30307662,11.02545347,11.02545347,2.00000000,-11.02545347,0.48675572,0.00000000,0.00000000
-0.01025639,1.40625000,20.04687500,11.82381377,11.82381377,1.00000000,-11.82381377,0.48628476,0.00000000,0.00000000
0.04997156,338153134.90645397,174442467.31738842,46.47557084,46.47557084,2.00000000,-46.47557084,0.47282396,0.00000000,0.00000000
0.04829620,315999783.21868920,186003267.46559262,49.16561384,49.16561384,2.00000000,-49.16561384,0.47204979,0.00000000,0.00000000
0.04587916,424963737.61383986,291390750.80650973,51.12063275,51.12063275,2.00000000,-51.12063275,0.47150043,0.00000000,0.00000000
0.04362501,30.88532685,23.68197273,51.84405010,51.84405010,2.00000000,-51.84405010,0.47129983,0.00000000,0.00000000
0.04259808,6.90445523,5.32939152,52.30338389,52.30338389,2.00000000,-52.30338389,0.47117320,0.00000000,0.00000000
0.04032191,3.11464382,2.42952414,51.96357079,51.96357079,2.00000000,-51.96357079,0.47126683,0.00000000,0.00000000
-0.09748193,56.85853782,18.71817402,116.42089224,116.42089224,2.00000000,-116.42089224,0.45703810,0.00000000,0.00000000
-0.09986430,24.19509462,7.80735104,122.77676503,122.77676503,2.00000000,-122.77676503,0.45588562,0.00000000,0.00000000
-0.10243529,14.42923156,4.54538801,130.63158104,130.63158104,2.00000000,-130.63158104,0.45450230,0.00000000,0.00000000
-0.10510308,9.64714499,2.93275302,140.15361409,140.15361409,2.00000000,-140.15361409,0.45288071,0.00000000,0.00000000
-0.10392075,7.16028562,2.13551471,143.75435004,143.75435004,2.00000000,-143.75435004,0.45228213,0.00000000,0.00000000
-0.10380019,5.36617547,1.42912600,149.06992926,149.06992926,2.00000000,-149.06992926,0.45141221,0.00000000,0.00000000
-0.09656850,4.78629971,1.04222063,131.30149309,131.30149309,2.00000000,-131.30149309,0.45438630,0.00000000,0.00000000
-0.07088516,4.89443546,1.82388123,86.94339935,86.94339935,2.00000000,-86.94339935,0.46285508,0.00000000,0.00000000
-0.06070548,4.14514962,1.75759122,73.02774968,73.02774968,2.00000000,-73.02774968,0.46594933,0.00000000,0.00000000
-0.05053289,3.40720374,1.66110272,58.88305057,58.88305057,2.00000000,-58.88305057,0.46941706,0.00000000,0.00000000
-0.04028635,2.70120132,1.53008992,44.42104334,44.42104334,2.00000000,-44.42104334,0.47343052,0.00000000,0.00000000
-0.02996220,2.06719552,1.34197226,29.60481249,29.60481249,2.00000000,-29.60481249,0.47830413,0.00000000,0.00000000
-0.01647813,119373804.17058486,179645352.05937272,13.03470875,13.03470875,2.00000000,-13.03470875,0.48559987,0.00000000,0.00000000
-0.01264469,130901526.07527572,303154280.96450555,11.01981353,11.01981353,2.00000000,-11.01981353,0.48675910,0.00000000,0.00000000
-0.01025504,2.50000000,28.25000000,11.82069374,11.82069374,1.00000000,-11.82069374,0.48628657,0.00000000,0.00000000
0.01393982,118722113.17194587,126645202.79751551,6.96429266,6.96429266,2.00000000,-6.96429266,0.48947316,0.00000000,0.00000000
0.01374517,128355820.14623237,187440428.49877584,8.79754933,8.79754933,2.00000000,-8.79754933,0.48816884,0.00000000,0.00000000
0.01259430,193662609.28733093,450102096.83650732,10.97297889,10.97297889,2.00000000,-10.97297889,0.48678726,0.00000000,0.00000000
0.01024365,2.50000000,28.25000000,11.79444592,11.79444592,1.00000000,-11.79444592,0.48630180,0.00000000,0.00000000
-0.01382182,94737725.55834913,137972696.85195017,8.87058253,8.87058253,2.00000000,-8.87058253,0.48811985,0.00000000,0.00000000
-0.01265072,185632102.09560657,429729747.72533059,11.02552707,11.02552707,2.00000000,-11.02552707,0.48675567,0.00000000,0.00000000
-0.01025641,2.50000000,28.25000000,11.82385438,11.82385438,1.00000000,-11.82385438,0.48628474,0.00000000,0.00000000
0.01441924,456997147.41126204,229432423.87113833,3.77091147,3.77091147,2.00000000,-3.77091147,0.49225349,0.00000000,0.00000000
0.01436707,115581537.60958451,66819627.15632989,4.27798709,4.27798709,2.00000000,-4.27798709,0.49174915,0.00000000,0.00000000
0.01429486,183275106.43886173,124873522.94870001,4.93390223,4.93390223,2.00000000,-4.93390223,0.49113927,0.00000000,0.00000000
0.01419075,132883179.69575438,110329810.33557945,5.81440509,5.81440509,2.00000000,-5.81440509,0.49038121,0.00000000,0.00000000
0.01407311,315056045.68245709,334263484.17336345,7.06441844,7.06441844,2.00000000,-7.06441844,0.48939777,0.00000000,0.00000000
0.01382182,94737725.55834913,137972696.85195017,8.87058359,8.87058359,2.00000000,-8.87058359,0.48811985,0.00000000,0.00000000
0.01265072,185632102.09560657,429729747.72533059,11.02552783,11.02552783,2.00000000,-11.02552783,0.48675567,0.00000000,0.00000000
0.01025641,2.50000000,28.25000000,11.82385480,11.82385480,1.00000000,-11.82385480,0.48628474,0.00000000,0.00000000
-0.01450862,524515866.48765910,188774715.82933104,2.77002859,2.77002859,2.00000000,-2.77002859,0.49336055,0.00000000,0.00000000
-0.01448512,268225256.44039279,106619475.12862360,3.04076101,3.04076101,2.00000000,-3.04076101,0.49304369,0.00000000,0.00000000
-0.03077182,932.73250995,231.13960342,8.59604162,8.59604162,1.00000000,-8.59604162,0.48830508,0.00000000,0.00000000
-0.03795847,442539707.62179637,110227716.65105352,13.13004544,13.13004544,2.00000000,-13.13004544,0.48554733,0.00000000,0.00000000
-0.04326680,935464.64795731,233002.94580703,17.05901257,17.05901257,2.00000000,-17.05901257,0.48352735,0.00000000,0.00000000
-0.04612758,389387019.65973103,96987935.02736709,19.38953021,19.38953021,2.00000000,-19.38953021,0.48243883,0.00000000,0.00000000
-0.04291949,787720524.45403814,213543757.91791916,18.36085356,18.36085356,2.00000000,-18.36085356,0.48291073,0.00000000,0.00000000
-0.04228264,313958219.34136510,91512641.82933927,19.14121568,19.14121568,2.00000000,-19.14121568,0.48255157,0.00000000,0.00000000
-0.01382182,133729365.71867135,194758748.41349542,8.87058379,8.87058379,2.00000000,-8.87058379,0.48811985,0.00000000,0.00000000
-0.01265072,68077821.72300383,157596925.39090991,11.02552783,11.02552783,2.00000000,-11.02552783,0.48675567,0.00000000,0.00000000
-0.04196179,246188576.62887275,89388016.59871992,23.37032220,23.37032220,2.00000000,-23.37032220,0.48072150,0.00000000,0.00000000
-0.04092445,373628418.46976328,148154726.14937901,24.21453841,24.21453841,2.00000000,-24.21453841,0.48037666,0.00000000,0.00000000
-0.04074760,477172848.13330030,209198316.90962458,26.44951798,26.44951798,2.00000000,-26.44951798,0.47949180,0.00000000,0.00000000
-0.04027885,673909025.27554917,331375177.12844956,28.84815998,28.84815998,2.00000000,-28.84815998,0.47858292,0.00000000,0.00000000
-0.03948541,440820734.75249982,247361107.59755099,31.41980934,31.41980934,2.00000000,-31.41980934,0.47764964,0.00000000,0.00000000
-0.03830928,249658427.38541985,163191739.59359521,34.10481061,34.10481061,2.00000000,-34.10481061,0.47671528,0.00000000,0.00000000
-0.03660867,652710818.04197192,509988325.06712961,36.65614687,36.65614687,2.00000000,-36.65614687,0.47586106,0.00000000,0.00000000
-0.03411935,201914914.48226506,195435612.22364408,38.46202846,38.46202846,2.00000000,-38.46202846,0.47527434,0.00000000,0.00000000
-0.03256112,7.99641970,8.38779062,39.00082448,39.00082448,2.00000000,-39.00082448,0.47510198,0.00000000,0.00000000
-0.03153867,2.26484548,2.20049715,39.19549055,39.19549055,2.00000000,-39.19549055,0.47504001,0.00000000,0.00000000
-0.02051128,825968.35710761,2763451.23323886,26.32410128,26.32410128,1.00000000,-26.32410128,0.47954044,0.00000000,0.00000000
0.03674891,502489768.11353779,328839460.90020132,31.41691067,31.41691067,2.00000000,-31.41691067,0.47765067,0.00000000,0.00000000
0.03651611,295100270.66224718,231101371.29261434,36.54632533,36.54632533,2.00000000,-36.54632533,0.47589720,0.00000000,0.00000000
0.03406986,106223332.99833077,102951740.73147166,38.39329633,38.39329633,2.00000000,-38.39329633,0.47529642,0.00000000,0.00000000
0.03245145,8.18114656,8.64466190,38.92937986,38.92937986,2.00000000,-38.92937986,0.47512477,0.00000000,0.00000000
0.03104537,2.29730008,2.33743381,38.98549719,38.98549719,2.00000000,-38.98549719,0.47510687,0.00000000,0.00000000
0.02049867,7504017.85233872,25112717.02195108,26.29157188,26.29157188,2.00000000,-26.29157188,0.47955307,0.00000000,0.00000000
-0.03116120,33.76951872,21.50224386,22.33615968,22.33615968,2.00000000,-22.33615968,0.48115255,0.00000000,0.00000000
-0.03326092,7.38738461,4.47403601,25.86572150,25.86572150,2.00000000,-25.86572150,0.47971920,0.00000000,0.00000000
-0.02259691,55248689.34922601,93970909.36062354,26.17672938,26.17672938,2.00000000,-26.17672938,0.47959774,0.00000000,0.00000000
-0.03056428,2.12249042,1.31055789,29.81899902,29.81899902,2.00000000,-29.81899902,0.47822587,0.00000000,0.00000000
-0.01648306,78663927.27257410,118372062.77021798,13.04155023,13.04155023,2.00000000,-13.04155023,0.48559609,0.00000000,0.00000000
-0.01265037,185632102.09560657,429729747.72533059,11.02491154,11.02491154,2.00000000,-11.02491154,0.48675604,0.00000000,0.00000000
-0.01025626,2.50000000,28.25000000,11.82351435,11.82351435,1.00000000,-11.82351435,0.48628494,0.00000000,0.00000000
0.01419094,266502582.60947591,221254113.56502730,5.81417884,5.81417884,2.00000000,-5.81417884,0.49038139,0.00000000,0.00000000
0.01407291,125354847.21658844,132998670.79581499,7.06428809,7.06428809,2.00000000,-7.06428809,0.48939787,0.00000000,0.00000000
0.01382166,76339641.06217355,111179715.26750582,8.87049056,8.87049056,2.00000000,-8.87049056,0.48811991,0.00000000,0.00000000
0.01265068,185632102.09560657,429729747.72533059,11.02546078,11.02546078,2.00000000,-11.02546078,0.48675571,0.00000000,0.00000000
0.01025639,1.40625000,20.04687500,11.82381776,11.82381776,1.00000000,-11.82381776,0.48628476,0.00000000,0.00000000
-0.02529850,101414018.52613932,55811299.56819881,12.66363494,12.66363494,2.00000000,-12.66363494,0.48580624,0.00000000,0.00000000
-0.02435051,151956767.52134728,96439192.73036849,13.40746133,13.40746133,2.00000000,-13.40746133,0.48539551,0.00000000,0.00000000
-0.02305082,189761711.96586460,141688170.18898886,13.94713864,13.94713864,2.00000000,-13.94713864,0.48510462,0.00000000,0.00000000
-0.02133424,47348473.82728079,42612726.09870663,14.11476247,14.11476247,2.00000000,-14.11476247,0.48501542,0.00000000,0.00000000
-0.02168037,4.49841239,3.45935148,14.05669641,14.05669641,2.00000000,-14.05669641,0.48504626,0.00000000,0.00000000
-0.01647812,119373804.17058486,179645352.05937272,13.03469920,13.03469920,2.00000000,-13.03469920,0.48559988,0.00000000,0.00000000
-0.01264469,130901526.07527572,303154280.96450555,11.01980642,11.01980642,2.00000000,-11.01980642,0.48675911,0.00000000,0.00000000
-0.01025504,2.08496094,16.05029297,11.82068980,11.82068980,1.00000000,-11.82068980,0.48628658,0.00000000,0.00000000
0.01407316,358364862.24909830,380209299.33255291,7.06441850,7.06441850,2.00000000,-7.06441850,0.48939777,0.00000000,0.00000000
0.01382170,80906247.17189077,117830928.80530316,8.87058356,8.87058356,2.00000000,-8.87058356,0.48811985,0.00000000,0.00000000
0.01265072,68077821.72300383,157596925.39090991,11.02552774,11.02552774,2.00000000,-11.02552774,0.48675567,0.00000000,0.00000000
0.01025641,1.40625000,20.04687500,11.82385480,11.82385480,1.00000000,-11.82385480,0.48628474,0.00000000,0.00000000
0.01368694,314474185.25375462,107488471.25190005,2.34421778,2.34421778,2.00000000,-2.34421778,0.49389210,0.00000000,0.00000000
0.01396028,162447658.31047368,60122852.55310240,2.63532169,2.63532169,2.00000000,-2.63532169,0.49352399,0.00000000,0.00000000
0.01417330,385666067.97441173,155998146.74452734,2.96079756,2.96079756,2.00000000,-2.96079756,0.49313575,0.00000000,0.00000000
0.01430824,252483279.52376568,113026356.49574518,3.32737861,3.32737861,2.00000000,-3.32737861,0.49272326,0.00000000,0.00000000
0.01435887,300470611.08074498,151398153.63742554,3.75234937,3.75234937,2.00000000,-3.75234937,0.49227258,0.00000000,0.00000000
0.01434272,181539992.70393270,105110170.17521176,4.26955290,4.26955290,2.00000000,-4.26955290,0.49175728,0.00000000,0.00000000
0.01428506,113558268.57813412,77418742.82380426,4.92986264,4.92986264,2.00000000,-4.92986264,0.49114290,0.00000000,0.00000000
0.01418743,91373161.31898105,75874342.17539057,5.81232147,5.81232147,2.00000000,-5.81232147,0.49038293,0.00000000,0.00000000
0.01407151,142238545.74938464,150920234.37110549,7.06322284,7.06322284,2.00000000,-7.06322284,0.48939867,0.00000000,0.00000000
0.01382090,88209953.78813460,128470316.87958473,8.86972896,8.86972896,2.00000000,-8.86972896,0.48812042,0.00000000,0.00000000
0.01265037,185632102.09560657,429729747.72533059,11.02491154,11.02491154,2.00000000,-11.02491154,0.48675604,0.00000000,0.00000000
0.01025626,2.50000000,28.25000000,11.82351435,11.82351435,1.00000000,-11.82351435,0.48628494,0.00000000,0.00000000
-0.01419044,406301325.20973444,337357413.36239946,5.81437803,5.81437803,2.00000000,-5.81437803,0.49038123,0.00000000,0.00000000
-0.01407306,248706745.90597057,263870646.08835220,7.06440304,7.06440304,2.00000000,-7.06440304,0.48939778,0.00000000,0.00000000
-0.01382181,94737725.55834913,137972696.85195017,8.87057264,8.87057264,2.00000000,-8.87057264,0.48811986,0.00000000,0.00000000
-0.01265072,185632102.09560657,429729747.72533059,11.02551994,11.02551994,2.00000000,-11.02551994,0.48675568,0.00000000,0.00000000
-0.01025641,1.40625000,20.04687500,11.82385044,11.82385044,1.00000000,-11.82385044,0.48628474,0.00000000,0.00000000
0.02705422,277891009.57161069,151249473.00631505,14.33184253,14.33184253,2.00000000,-14.33184253,0.48490068,0.00000000,0.00000000
0.02709586,167339585.70664203,104583735.79914063,16.36599126,16.36599126,2.00000000,-16.36599126,0.48386523,0.00000000,0.00000000
0.02679119,192255060.15316963,141987288.21085590,18.65423100,18.65423100,2.00000000,-18.65423100,0.48277482,0.00000000,0.00000000
0.02607400,137114994.05612731,124296957.81029120,21.21952767,21.21952767,2.00000000,-21.21952767,0.48162936,0.00000000,0.00000000
0.02470224,327083893.81321871,384751732.29659534,23.82943843,23.82943843,2.00000000,-23.82943843,0.48053320,0.00000000,0.00000000
0.02239274,147315083.50398767,253404418.34163719,25.74962871,25.74962871,2.00000000,-25.74962871,0.47976472,0.00000000,0.00000000
0.02050006,23195344.14674881,77622646.80464041,26.29515089,26.29515089,1.00000000,-26.29515089,0.47955168,0.00000000,0.00000000
0.01024365,2.50000000,28.25000000,11.79444591,11.79444591,1.00000000,-11.79444591,0.48630180,0.00000000,0.00000000
-0.01382182,94737725.55834913,137972696.85195017,8.87058359,8.87058359,2.00000000,-8.87058359,0.48811985,0.00000000,0.00000000
-0.01265072,185632102.09560657,429729747.72533059,11.02552783,11.02552783,2.00000000,-11.02552783,0.48675567,0.00000000,0.00000000
-0.01025641,2.50000000,28.25000000,11.82385480,11.82385480,1.00000000,-11.82385480,0.48628474,0.00000000,0.00000000
0.02378141,344016097.61103368,111016867.62696719,6.69051167,6.69051167,2.00000000,-6.69051167,0.48968210,0.00000000,0.00000000
0.02429739,431326029.58678412,149577862.05414873,7.49268439,7.49268439,2.00000000,-7.49268439,0.48908121,0.00000000,0.00000000
0.02473826,235083843.28049862,88098877.20580605,8.37631562,8.37631562,2.00000000,-8.37631562,0.48845548,0.00000000,0.00000000
0.02505846,375122782.34050226,153058820.70176017,9.33314638,9.33314638,2.00000000,-9.33314638,0.48781413,0.00000000,0.00000000
0.02521792,334998077.75928581,150081570.39358658,10.34363589,10.34363589,2.00000000,-10.34363589,0.48717162,0.00000000,0.00000000
0.02515149,399843901.39708805,198868572.34629357,11.37147804,11.37147804,2.00000000,-11.37147804,0.48654957,0.00000000,0.00000000
0.02478708,296228311.42418456,165878460.94969356,12.35741491,12.35741491,2.00000000,-12.35741491,0.48597882,0.00000000,0.00000000
0.02405120,115046306.66708487,73817995.36293352,13.21341596,13.21341596,2.00000000,-13.21341596,0.48550154,0.00000000,0.00000000
0.02287400,91622724.32421857,68869977.97329909,13.81758990,13.81758990,2.00000000,-13.81758990,0.48517392,0.00000000,0.00000000
0.02122024,30073425.43164709,27182776.27845280,14.01825519,14.01825519,2.00000000,-14.01825519,0.48506671,0.00000000,0.00000000
0.02094201,5.08896823,4.25329450,13.82470462,13.82470462,2.00000000,-13.82470462,0.48517011,0.00000000,0.00000000
0.01641110,48809433.05607587,73664627.94026890,12.96420887,12.96420887,2.00000000,-12.96420887,0.48563885,0.00000000,0.00000000
0.01258871,209584951.03161532,487288720.94526696,10.96741015,10.96741015,2.00000000,-10.96741015,0.48679061,0.00000000,0.00000000
-0.02449182,256320329.90286142,229860883.78908765,18.54288467,18.54288467,2.00000000,-18.54288467,0.48282627,0.00000000,0.00000000
-0.02475739,397140543.16119647,466322606.55241573,23.90178268,23.90178268,2.00000000,-23.90178268,0.48050370,0.00000000,0.00000000
-0.02241182,105486089.29291755,181269370.46303278,25.78980396,25.78980396,2.00000000,-25.78980396,0.47974895,0.00000000,0.00000000
-0.02051284,8.57798170,26.63671926,26.32806963,26.32806963,2.00000000,-26.32806963,0.47953890,0.00000000,0.00000000
-0.01025641,1.40625000,20.04687500,11.82385874,11.82385874,1.00000000,-11.82385874,0.48628474,0.00000000,0.00000000
-0.01436680,144290339.12851405,83418001.81521314,4.27788708,4.27788708,2.00000000,-4.27788708,0.49174924,0.00000000,0.00000000
-0.01429479,183275106.43886173,124873522.94870001,4.93385466,4.93385466,2.00000000,-4.93385466,0.49113931,0.00000000,0.00000000
-0.01419152,193422278.53375840,160573296.69202268,5.81438119,5.81438119,2.00000000,-5.81438119,0.49038123,0.00000000,0.00000000
-0.01407312,109974504.77850217,116678670.13149405,7.06440415,7.06440415,2.00000000,-7.06440415,0.48939778,0.00000000,0.00000000
-0.01382181,94737725.55834913,137972696.85195017,8.87057359,8.87057359,2.00000000,-8.87057359,0.48811986,0.00000000,0.00000000
-0.01265072,68077821.72300383,157596925.39090991,11.02552053,11.02552053,2.00000000,-11.02552053,0.48675568,0.00000000,0.00000000
0.03220087,193621029.19229573,70628336.23565128,13.82461167,13.82461167,2.00000000,-13.82461167,0.48517016,0.00000000,0.00000000
0.03225090,23851161.65056430,9437828.16570191,15.00754535,15.00754535,2.00000000,-15.00754535,0.48454901,0.00000000,0.00000000
0.03172906,46.18891419,18.71046663,15.09425279,15.09425279,2.00000000,-15.09425279,0.48450446,0.00000000,0.00000000
0.03111447,20.38019879,8.48244467,15.21793495,15.21793495,2.00000000,-15.21793495,0.48444114,0.00000000,0.00000000
0.03034836,11.80153689,5.08219824,15.40283289,15.40283289,2.00000000,-15.40283289,0.48434695,0.00000000,0.00000000
0.02936041,7.42204488,3.33851859,15.69515872,15.69515872,2.00000000,-15.69515872,0.48419919,0.00000000,0.00000000
0.02798689,4.65073895,2.20763276,16.17889824,16.17889824,2.00000000,-16.17889824,0.48395767,0.00000000,0.00000000
0.01655165,157145406.13358355,235801266.18607438,13.11450259,13.11450259,2.00000000,-13.11450259,0.48555588,0.00000000,0.00000000
0.01271074,158903874.62858075,366313697.71730947,11.07947450,11.07947450,2.00000000,-11.07947450,0.48672332,0.00000000,0.00000000
0.01026943,5.00000000,29.50000000,11.85326772,11.85326772,1.00000000,-11.85326772,0.48626770,0.00000000,0.00000000
0.01373664,87412018.99862248,127693149.92962968,8.78979298,8.78979298,2.00000000,-8.78979298,0.48817406,0.00000000,0.00000000
0.01258871,209584951.03161532,487288720.94526696,10.96741014,10.96741014,2.00000000,-10.96741014,0.48679061,0.00000000,0.00000000
-0.02449202,468468131.17098582,420104789.78015482,18.54301701,18.54301701,2.00000000,-18.54301701,0.48282621,0.00000000,0.00000000
-0.02475732,116804954.71933508,137153968.28649747,23.90186348,23.90186348,2.00000000,-23.90186348,0.48050367,0.00000000,0.00000000
-0.02241186,87336914.75140470,150079720.24315208,25.78984870,25.78984870,2.00000000,-25.78984870,0.47974894,0.00000000,0.00000000
-0.02051297,5.82275996,17.38725041,26.32810620,26.32810620,2.00000000,-26.32810620,0.47953888,0.00000000,0.00000000
-0.01025643,1.40625000,20.04687500,11.82389141,11.82389141,1.00000000,-11.82389141,0.48628472,0.00000000,0.00000000
-0.01421416,217457738.94824374,148798651.22074962,4.89757236,4.89757236,2.00000000,-4.89757236,0.49117194,0.00000000,0.00000000
-0.01415775,93622387.85911626,77851820.92330801,5.79522995,5.79522995,2.00000000,-5.79522995,0.49039708,0.00000000,0.00000000
-0.01405831,148420228.26804864,157565255.60755277,7.05334056,7.05334056,2.00000000,-7.05334056,0.48940609,0.00000000,0.00000000
-0.01381335,97473525.04527843,142001597.33633935,8.86264693,8.86264693,2.00000000,-8.86264693,0.48812516,0.00000000,0.00000000
-0.01264469,130901526.07527572,303154280.96450555,11.01980642,11.01980642,2.00000000,-11.01980642,0.48675911,0.00000000,0.00000000
-0.01025504,2.50000000,28.25000000,11.82068981,11.82068981,1.00000000,-11.82068981,0.48628658,0.00000000,0.00000000
0.01407291,125354847.21658844,132998670.79581499,7.06428958,7.06428958,2.00000000,-7.06428958,0.48939787,0.00000000,0.00000000
0.01382166,76339641.06217086,111179715.26751384,8.87049162,8.87049162,2.00000000,-8.87049162,0.48811991,0.00000000,0.00000000
0.01265068,185632102.09560657,429729747.72533059,11.02546154,11.02546154,2.00000000,-11.02546154,0.48675571,0.00000000,0.00000000
0.01025639,2.50000000,28.25000000,11.82381818,11.82381818,1.00000000,-11.82381818,0.48628476,0.00000000,0.00000000
-0.01429394,165565966.22999394,112822102.50072473,4.93385654,4.93385654,2.00000000,-4.93385654,0.49113931,0.00000000,0.00000000
-0.01419122,132696640.55088139,110166147.87259388,5.81438179,5.81438179,2.00000000,-5.81438179,0.49038123,0.00000000,0.00000000
-0.01407317,167535424.11350054,177747211.11614656,7.06440458,7.06440458,2.00000000,-7.06440458,0.48939778,0.00000000,0.00000000
-0.01382169,80906247.17189077,117830928.80530316,8.87057379,8.87057379,2.00000000,-8.87057379,0.48811986,0.00000000,0.00000000
-0.01265072,185632102.09560657,429729747.72533059,11.02552079,11.02552079,2.00000000,-11.02552079,0.48675568,0.00000000,0.00000000
-0.01025641,1.40625000,20.04687500,11.82385091,11.82385091,1.00000000,-11.82385091,0.48628474,0.00000000,0.00000000
0.01114086,432122158.47118974,274317131.20573044,2.80719382,2.80719382,2.00000000,-2.80719382,0.49331616,0.00000000,0.00000000
0.01187490,114250945.16605312,84108082.71753645,3.65415223,3.65415223,2.00000000,-3.65415223,0.49237435,0.00000000,0.00000000
0.01256234,206443552.91595340,181379238.25122952,4.79011108,4.79011108,2.00000000,-4.79011108,0.49126932,0.00000000,0.00000000
0.01308115,203824694.62059802,223742148.63157910,6.29203306,6.29203306,2.00000000,-6.29203306,0.48999401,0.00000000,0.00000000
0.01317053,122295627.46614784,182269086.13413471,8.24857057,8.24857057,2.00000000,-8.24857057,0.48854382,0.00000000,0.00000000
0.01221463,60218154.81326702,144096785.81157488,10.58309067,10.58309067,2.00000000,-10.58309067,0.48702403,0.00000000,0.00000000
-0.01117836,156006474.46372986,220898129.00093710,5.63272401,5.63272401,2.00000000,-5.63272401,0.49053265,0.00000000,0.00000000
-0.01265708,209532167.71207535,484837996.03655708,11.03125915,11.03125915,2.00000000,-11.03125915,0.48675223,0.00000000,0.00000000
-0.01779697,1.44849614,0.49721879,12.63306238,12.63306238,2.00000000,-12.63306238,0.48582337,0.00000000,0.00000000
-0.02227473,562854676.44998837,228203723.77683538,7.32954152,7.32954152,2.00000000,-7.32954152,0.48920070,0.00000000,0.00000000
-0.01374591,346703852.30012882,506297226.05795670,8.79847516,8.79847516,2.00000000,-8.79847516,0.48816822,0.00000000,0.00000000
-0.01259437,70105373.72774160,162943693.02778459,10.97364375,10.97364375,2.00000000,-10.97364375,0.48678686,0.00000000,0.00000000
-0.02216829,198323626.29922795,117433843.38453484,10.41648229,10.41648229,2.00000000,-10.41648229,0.48712654,0.00000000,0.00000000
0.01310819,115188209.55355823,172052415.86896837,8.18846562,8.18846562,2.00000000,-8.18846562,0.48858563,0.00000000,0.00000000
0.01217831,560232479.99608421,1344497569.87122965,10.54060674,10.54060674,2.00000000,-10.54060674,0.48705010,0.00000000,0.00000000
-0.02267635,199425603.56532311,230283185.32692468,19.77820300,19.77820300,2.00000000,-19.77820300,0.48226381,0.00000000,0.00000000
-0.02241171,314863560.34793401,541037139.87517023,25.78933266,25.78933266,2.00000000,-25.78933266,0.47974914,0.00000000,0.00000000
-0.02051267,52750.42606800,176480.82223901,26.32768469,26.32768469,2.00000000,-26.32768469,0.47953905,0.00000000,0.00000000
-0.01025626,1.40625000,20.04687500,11.82351477,11.82351477,1.00000000,-11.82351477,0.48628494,0.00000000,0.00000000
0.01391275,217519248.94292843,182849026.21201962,5.65009307,5.65009307,2.00000000,-5.65009307,0.49051807,0.00000000,0.00000000
0.01393996,157331759.31758422,167824500.71463948,6.96417193,6.96417193,2.00000000,-6.96417193,0.48947325,0.00000000,0.00000000
0.01374471,119362982.53191388,174317609.26422215,8.79745964,8.79745964,2.00000000,-8.79745964,0.48816890,0.00000000,0.00000000
0.01259217,353501858.10061014,821859716.77119303,10.97291351,10.97291351,1.00000000,-10.97291351,0.48678730,0.00000000,0.00000000
-0.02490584,79.96948985,37.27503585,10.56179677,10.56179677,2.00000000,-10.56179677,0.48703709,0.00000000,0.00000000
-0.02730870,9.02399745,3.61745318,12.02709163,12.02709163,2.00000000,-12.02709163,0.48616742,0.00000000,0.00000000
-0.02735669,5.42697767,1.93291820,12.17320251,12.17320251,2.00000000,-12.17320251,0.48608368,0.00000000,0.00000000
-0.02328052,2.59313166,0.64375327,14.11138145,14.11138145,2.00000000,-14.11138145,0.48501721,0.00000000,0.00000000
-0.01780406,86839851.28704512,65828309.11606291,8.43558682,8.43558682,2.00000000,-8.43558682,0.48841472,0.00000000,0.00000000
-0.01271014,156468366.29598391,360713762.30441046,11.07892357,11.07892357,2.00000000,-11.07892357,0.48672365,0.00000000,0.00000000
-0.01026930,5.00000000,29.50000000,11.85297131,11.85297131,1.00000000,-11.85297131,0.48626787,0.00000000,0.00000000
-0.01317760,300739455.16901398,448099421.24491835,8.25517909,8.25517909,2.00000000,-8.25517909,0.48853924,0.00000000,0.00000000
-0.01221861,132709957.16593480,317465961.22189105,10.58776027,10.58776027,2.00000000,-10.58776027,0.48702117,0.00000000,0.00000000
0.02814466,387254259.76435351,172079312.22145420,12.78298738,12.78298738,2.00000000,-12.78298738,0.48573953,0.00000000,0.00000000
0.01221513,155746529.25549614,372674392.58858132,10.58369485,10.58369485,2.00000000,-10.58369485,0.48702366,0.00000000,0.00000000
-0.01107122,391856188.59288359,556998065.74167609,5.54748747,5.54748747,2.00000000,-5.54748747,0.49060454,0.00000000,0.00000000
-0.01258741,182333346.94978023,424012414.86430430,10.96735416,10.96735416,2.00000000,-10.96735416,0.48679064,0.00000000,0.00000000
-0.01024226,2.50000000,28.25000000,11.79125227,11.79125227,1.00000000,-11.79125227,0.48630365,0.00000000,0.00000000
0.02527564,113081998.58553624,130487300.27524936,24.55754830,24.55754830,2.00000000,-24.55754830,0.48023828,0.00000000,0.00000000
0.02257577,176112036.86298102,299936872.45979214,26.13328752,26.13328752,2.00000000,-26.13328752,0.47961466,0.00000000,0.00000000
