0.01320514,260973274.33734459,157002884.20824683,6.19297709,6.19297709,2.00000000,-6.19297709,0.49007307,0.00000000,0.00000000
0.01257317,304431180.27438009,214588520.43801385,6.51892553,6.51892553,2.00000000,-6.51892553,0.48981524,0.00000000,0.00000000
0.01190722,111593741.68262333,95942134.14921209,7.01972495,7.01972495,2.00000000,-7.01972495,0.48943136,0.00000000,0.00000000
0.01113975,22.11322475,22.74593001,7.31799740,7.31799740,2.00000000,-7.31799740,0.48920921,0.00000000,0.00000000
0.00919764,87581928.34603229,163570255.96505803,7.56122003,7.56122003,2.00000000,-7.56122003,0.48903140,0.00000000,0.00000000
0.00999473,1.39415900,1.54622737,8.43206482,8.43206482,2.00000000,-8.43206482,0.48841713,0.00000000,0.00000000
-0.02505716,245799795.14321351,141211460.55685812,21.34049937,21.34049937,2.00000000,-21.34049937,0.48157710,0.00000000,0.00000000
-0.02495469,199955691.51057601,132152166.96977454,24.17376041,24.17376041,2.00000000,-24.17376041,0.48039318,0.00000000,0.00000000
-0.02416143,193105103.25535089,150283938.33176750,26.39471259,26.39471259,2.00000000,-26.39471259,0.47951304,0.00000000,0.00000000
-0.02257384,267970240.70853561,254385524.93655020,27.61404925,27.61404925,2.00000000,-27.61404925,0.47904560,0.00000000,0.00000000
-0.02021599,131498301.06933868,161910860.24861497,27.72569021,27.72569021,2.00000000,-27.72569021,0.47900332,0.00000000,0.00000000
-0.01749899,77359605.04381070,138691997.25359666,26.90531982,26.90531982,2.00000000,-26.90531982,0.47931600,0.00000000,0.00000000
-0.01536271,265669.82755316,913735.05516670,25.54813102,25.54813102,1.00000000,-25.54813102,0.47984398,0.00000000,0.00000000
0.01013293,244598079.66642368,298841430.78559101,6.92823419,6.92823419,2.00000000,-6.92823419,0.48950044,0.00000000,0.00000000
0.01095440,167871488.39928758,296824198.05108142,10.51297142,10.51297142,2.00000000,-10.51297142,0.48706708,0.00000000,0.00000000
0.01006101,39174251.14648089,132116748.52726315,10.91831339,10.91831339,1.00000000,-10.91831339,0.48682020,0.00000000,0.00000000
-0.02427884,477288890.30390835,356911123.18910551,25.68159347,25.68159347,2.00000000,-25.68159347,0.47979145,0.00000000,0.00000000
-0.02402814,263575334.77212739,238753217.86907542,29.98707384,29.98707384,2.00000000,-29.98707384,0.47816465,0.00000000,0.00000000
-0.02186276,199075442.45824337,233339961.88718665,31.24511707,31.24511707,2.00000000,-31.24511707,0.47771180,0.00000000,0.00000000
-0.01934800,146706238.43564832,267824320.50490463,33.07986757,33.07986757,2.00000000,-33.07986757,0.47706744,0.00000000,0.00000000
-0.01892110,1.38336696,2.09972178,34.89656819,34.89656819,2.00000000,-34.89656819,0.47644686,0.00000000,0.00000000
0.02490608,1211085887.38673019,1285395464.89015245,37.01792744,37.01792744,2.00000000,-37.01792744,0.47574238,0.00000000,0.00000000
0.02400147,108689035.15385890,160144531.89163041,45.87348920,45.87348920,2.00000000,-45.87348920,0.47300030,0.00000000,0.00000000
0.02364738,2.18383321,3.29138501,49.94230342,49.94230342,2.00000000,-49.94230342,0.47183025,0.00000000,0.00000000
-0.04752045,422024457.03928864,130293439.53362849,41.95093680,41.95093680,2.00000000,-41.95093680,0.47417875,0.00000000,0.00000000
-0.02976385,306622365.15469539,259080470.19521344,43.17562416,43.17562416,2.00000000,-43.17562416,0.47380509,0.00000000,0.00000000
-0.04862500,8.60664024,1.86273869,39.27720236,39.27720236,2.00000000,-39.27720236,0.47501404,0.00000000,0.00000000
-0.02671243,6.46204038,7.68931688,49.20056814,49.20056814,2.00000000,-49.20056814,0.47203987,0.00000000,0.00000000
-0.02519051,1.76943558,2.13727043,51.03168181,51.03168181,2.00000000,-51.03168181,0.47152520,0.00000000,0.00000000
-0.04203720,386806987.36380363,176950231.72966450,48.23684916,48.23684916,2.00000000,-48.23684916,0.47231462,0.00000000,0.00000000
-0.04022952,584583780.08450961,296816046.62881029,48.86292097,48.86292097,2.00000000,-48.86292097,0.47213582,0.00000000,0.00000000
-0.03899486,276149650.35792112,157810117.38210237,51.42353911,51.42353911,2.00000000,-51.42353911,0.47141627,0.00000000,0.00000000
-0.03807514,328825369.96600282,215257193.72488177,55.77152190,55.77152190,2.00000000,-55.77152190,0.47023453,0.00000000,0.00000000
-0.03637870,371705808.30246520,285284757.42347896,59.06984047,59.06984047,2.00000000,-59.06984047,0.46936869,0.00000000,0.00000000
-0.03392656,104620485.35919970,97307839.56309474,61.24409318,61.24409318,2.00000000,-61.24409318,0.46881117,0.00000000,0.00000000
-0.03065970,90808757.72186726,108299852.30254221,62.31047870,62.31047870,2.00000000,-62.31047870,0.46854137,0.00000000,0.00000000
-0.02651247,134504186.12656003,230572509.03748655,61.31238771,61.31238771,2.00000000,-61.31238771,0.46879382,0.00000000,0.00000000
-0.02355817,154199883.31095743,506756644.56761932,59.95047882,59.95047882,2.00000000,-59.95047882,0.46914165,0.00000000,0.00000000
-0.01227612,1.48925781,38.79931641,30.50526026,30.50526026,1.00000000,-30.50526026,0.47797699,0.00000000,0.00000000
0.02154383,24.43079732,34.25620057,35.68201797,35.68201797,2.00000000,-35.68201797,0.47618358,0.00000000,0.00000000
0.02062688,2.09985222,2.95716781,36.47136267,36.47136267,2.00000000,-36.47136267,0.47592190,0.00000000,0.00000000
0.01333254,7.09572280,27.26267472,24.02682903,24.02682903,1.00000000,-24.02682903,0.48045281,0.00000000,0.00000000
-0.01652079,158017578.17111552,91277933.22182763,9.32535774,9.32535774,2.00000000,-9.32535774,0.48781921,0.00000000,0.00000000
-0.01609008,609879638.11072135,405532783.56909728,10.10752071,10.10752071,2.00000000,-10.10752071,0.48731883,0.00000000,0.00000000
-0.01500429,116686141.83626643,90985463.41498759,10.19704299,10.19704299,2.00000000,-10.19704299,0.48726282,0.00000000,0.00000000
-0.01419225,14.42129271,12.08473395,10.00524184,10.00524184,2.00000000,-10.00524184,0.48738314,0.00000000,0.00000000
-0.01263799,6.51665135,6.19078312,9.14043803,9.14043803,2.00000000,-9.14043803,0.48794055,0.00000000,0.00000000
-0.01184079,1.85371767,1.55955470,9.17606155,9.17606155,2.00000000,-9.17606155,0.48791708,0.00000000,0.00000000
-0.00722110,142350365.52515543,379794851.24398923,6.44642171,6.44642171,2.00000000,-6.44642171,0.48987202,0.00000000,0.00000000
0.00486693,249676472.59213805,216353729.38768971,1.18119957,1.18119957,2.00000000,-1.18119957,0.49566426,0.00000000,0.00000000
0.01186642,281139990.20913148,109613042.71322161,3.28960533,3.28960533,2.00000000,-3.28960533,0.49276467,0.00000000,0.00000000
0.01173350,195935518.42008412,83905674.20645188,3.52453332,3.52453332,2.00000000,-3.52453332,0.49251080,0.00000000,0.00000000
0.00383734,60891891.45700942,141234285.34496826,1.76466354,1.76466354,2.00000000,-1.76466354,0.49470058,0.00000000,0.00000000
0.00307614,1.56243324,18.40631199,1.91542341,1.91542341,1.00000000,-1.91542341,0.49447886,0.00000000,0.00000000
0.01051200,154899308.67956525,100101009.50517172,4.19965476,4.19965476,2.00000000,-4.19965476,0.49182502,0.00000000,0.00000000
0.01001086,107661244.31930122,90291674.28918141,4.85141901,4.85141901,2.00000000,-4.85141901,0.49121363,0.00000000,0.00000000
0.00980119,148998358.76476961,165794339.09884727,5.99198503,5.99198503,2.00000000,-5.99198503,0.49023545,0.00000000,0.00000000
0.00940866,332502567.19143772,522571926.02672434,7.48372750,7.48372750,2.00000000,-7.48372750,0.48908774,0.00000000,0.00000000
0.00833521,3.54484370,8.00290309,7.68774890,7.68774890,2.00000000,-7.68774890,0.48894003,0.00000000,0.00000000
-0.02940508,339002316.81113076,114172332.26563528,17.49883721,17.49883721,2.00000000,-17.49883721,0.48331647,0.00000000,0.00000000
-0.02897961,160257030.39920002,59291167.26476198,18.63833798,18.63833798,2.00000000,-18.63833798,0.48278216,0.00000000,0.00000000
-0.02788277,718293499.87472439,294798361.65101290,19.09573034,19.09573034,2.00000000,-19.09573034,0.48257230,0.00000000,0.00000000
-0.02681881,133942983.78780997,61698021.33388188,19.76486364,19.76486364,2.00000000,-19.76486364,0.48226979,0.00000000,0.00000000
-0.02542483,248760765.64518636,130363905.45535937,20.11982668,20.11982668,2.00000000,-20.11982668,0.48211139,0.00000000,0.00000000
-0.02390303,557886573.77248359,338482242.96914721,20.45571484,20.45571484,2.00000000,-20.45571484,0.48196279,0.00000000,0.00000000
-0.02189551,161029102.43646663,115632433.48610353,20.11427488,20.11427488,2.00000000,-20.11427488,0.48211386,0.00000000,0.00000000
-0.02004678,181402822.64813912,159719111.10537088,20.33477241,20.33477241,2.00000000,-20.33477241,0.48201615,0.00000000,0.00000000
-0.01951589,8.44017070,7.70782811,20.79343091,20.79343091,2.00000000,-20.79343091,0.48181461,0.00000000,0.00000000
-0.01921908,3.03272962,2.64813584,21.44679295,21.44679295,2.00000000,-21.44679295,0.48153131,0.00000000,0.00000000
-0.01689350,1.67780621,1.32365684,19.18741632,19.18741632,2.00000000,-19.18741632,0.48253054,0.00000000,0.00000000
-0.00821343,9.80045703,34.20390164,7.66423203,7.66423203,2.00000000,-7.66423203,0.48895695,0.00000000,0.00000000
0.03327255,569953616.38712478,323863744.94720817,37.23599687,37.23599687,2.00000000,-37.23599687,0.47567112,0.00000000,0.00000000
0.03448737,865918502.06474018,567154554.92750978,45.77922541,45.77922541,2.00000000,-45.77922541,0.47302801,0.00000000,0.00000000
0.03481459,931241464.43294811,721241307.16364956,54.55677164,54.55677164,2.00000000,-54.55677164,0.47055988,0.00000000,0.00000000
0.03442687,193650468.99310553,184117113.89507806,64.31393045,64.31393045,2.00000000,-64.31393045,0.46804070,0.00000000,0.00000000
0.03253207,305426166.29057527,378277811.42419004,72.08648108,72.08648108,2.00000000,-72.08648108,0.46616895,0.00000000,0.00000000
0.02972688,27.39001778,47.40606963,76.76922664,76.76922664,2.00000000,-76.76922664,0.46509013,0.00000000,0.00000000
0.02547523,6764471.39752343,23067841.80912575,70.10600080,70.10600080,1.00000000,-70.10600080,0.46663582,0.00000000,0.00000000
-0.02143228,161166443.43172008,184793417.79773486,29.45890631,29.45890631,2.00000000,-29.45890631,0.47835761,0.00000000,0.00000000
-0.02105700,132495605.77258277,221118360.46772194,38.49792377,38.49792377,2.00000000,-38.49792377,0.47526282,0.00000000,0.00000000
-0.01847061,4.52585857,12.19061158,37.17089792,37.17089792,2.00000000,-37.17089792,0.47569237,0.00000000,0.00000000
-0.01025699,2.50000000,28.25000000,21.29570102,21.29570102,1.00000000,-21.29570102,0.48159644,0.00000000,0.00000000
0.02303775,488828318.74204004,196561219.51491433,12.77843114,12.77843114,2.00000000,-12.77843114,0.48574207,0.00000000,0.00000000
0.02293423,195558776.82399881,88169896.00159585,14.15642423,14.15642423,2.00000000,-14.15642423,0.48499333,0.00000000,0.00000000
-0.00728676,2.52398795,2.95884285,3.91745683,3.91745683,2.00000000,-3.91745683,0.49210442,0.00000000,0.00000000
0.02199333,310104016.07695556,189252007.19793016,17.41426608,17.41426608,2.00000000,-17.41426608,0.48335681,0.00000000,0.00000000
0.02115540,110960985.51325750,82500389.19792634,19.39501783,19.39501783,2.00000000,-19.39501783,0.48243635,0.00000000,0.00000000
0.01991100,131241110.67075244,121143157.49278364,20.94951598,20.94951598,2.00000000,-20.94951598,0.48174653,0.00000000,0.00000000
0.01817584,38.60323503,44.23656120,21.29878026,21.29878026,2.00000000,-21.29878026,0.48159511,0.00000000,0.00000000
0.02008024,2.67900256,1.97902131,21.48055557,21.48055557,2.00000000,-21.48055557,0.48151679,0.00000000,0.00000000
0.01250280,2.73709548,5.97073363,16.79026558,16.79026558,2.00000000,-16.79026558,0.48365754,0.00000000,0.00000000
-0.03251469,736524834.58300805,241130199.01351988,20.80810284,20.80810284,2.00000000,-20.80810284,0.48180820,0.00000000,0.00000000
-0.03301967,344556816.88831246,121791597.75411701,23.13851849,23.13851849,2.00000000,-23.13851849,0.48081727,0.00000000,0.00000000
-0.03262880,664390956.16044188,255689482.90570295,24.55730469,24.55730469,2.00000000,-24.55730469,0.48023837,0.00000000,0.00000000
-0.03233523,108874778.67535418,46115844.75630052,26.48307925,26.48307925,2.00000000,-26.48307925,0.47947880,0.00000000,0.00000000
-0.03160768,303198057.94268680,143298396.61005795,28.14586392,28.14586392,2.00000000,-28.14586392,0.47884497,0.00000000,0.00000000
-0.01399218,149065634.61937040,259656636.06669462,17.11310523,17.11310523,2.00000000,-17.11310523,0.48350127,0.00000000,0.00000000
-0.01196325,76899501.29032522,241491742.07204914,15.71804331,15.71804331,2.00000000,-15.71804331,0.48418768,0.00000000,0.00000000
-0.00683496,2.50000000,28.25000000,9.45636152,9.45636152,1.00000000,-9.45636152,0.48773398,0.00000000,0.00000000
-0.02751114,123441098.58074474,113420798.39289320,39.82767613,39.82767613,2.00000000,-39.82767613,0.47483979,0.00000000,0.00000000
-0.02664644,150358087.53064060,181296004.39597374,47.45763291,47.45763291,2.00000000,-47.45763291,0.47253879,0.00000000,0.00000000
-0.02562601,5.31177357,7.39972264,51.53213457,51.53213457,2.00000000,-51.53213457,0.47138615,0.00000000,0.00000000
-0.02051278,28431.28547666,95118.04665653,45.37415559,45.37415559,1.00000000,-45.37415559,0.47314742,0.00000000,0.00000000
0.04220243,879048625.02230024,499710334.40975261,59.92943653,59.92943653,2.00000000,-59.92943653,0.46914706,0.00000000,0.00000000
0.04194748,412967152.06262279,274258430.83776867,68.61734161,68.61734161,2.00000000,-68.61734161,0.46699114,0.00000000,0.00000000
0.03959338,275543495.56392014,220290943.97584891,72.65844542,72.65844542,2.00000000,-72.65844542,0.46603533,0.00000000,0.00000000
0.03614420,5010.39695230,5091.25570615,75.04256033,75.04256033,2.00000000,-75.04256033,0.46548396,0.00000000,0.00000000
0.03568726,5.37617185,5.34070690,76.57533537,76.57533537,2.00000000,-76.57533537,0.46513413,0.00000000,0.00000000
0.03303281,2.15428848,2.21002213,75.76598481,75.76598481,2.00000000,-75.76598481,0.46531840,0.00000000,0.00000000
0.02069562,11.03344395,39.35647904,49.52310329,49.52310329,2.00000000,-49.52310329,0.47194853,0.00000000,0.00000000
-0.04251561,857120088.74187660,303040554.56823945,38.36964328,38.36964328,2.00000000,-38.36964328,0.47530402,0.00000000,0.00000000
-0.04248509,191730678.83649379,73731235.31024498,41.60346232,41.60346232,2.00000000,-41.60346232,0.47428576,0.00000000,0.00000000
-0.04168863,858578311.32838893,361594209.86486852,43.77589539,43.77589539,2.00000000,-43.77589539,0.47362389,0.00000000,0.00000000
-0.04015514,883524572.06805229,411026828.25647449,44.73680592,44.73680592,2.00000000,-44.73680592,0.47333640,0.00000000,0.00000000
-0.03873159,302148422.06277156,157061007.63496566,46.32834980,46.32834980,2.00000000,-46.32834980,0.47286697,0.00000000,0.00000000
-0.03689376,114607284.68503937,67488242.59323886,47.36683123,47.36683123,2.00000000,-47.36683123,0.47256503,0.00000000,0.00000000
-0.03477039,255761700.56011450,173657285.68193007,48.13754476,48.13754476,2.00000000,-48.13754476,0.47234309,0.00000000,0.00000000
-0.03256592,468305079.45545602,375240127.09231365,49.25606749,49.25606749,2.00000000,-49.25606749,0.47202414,0.00000000,0.00000000
-0.02948939,87634603.83105454,85494624.77665317,48.25515090,48.25515090,2.00000000,-48.25515090,0.47230938,0.00000000,0.00000000
-0.02631974,109.84217142,135.55420293,47.10734993,47.10734993,2.00000000,-47.10734993,0.47264016,0.00000000,0.00000000
-0.02313628,6.58701863,9.82450090,43.63160363,43.63160363,2.00000000,-43.63160363,0.47366733,0.00000000,0.00000000
-0.01825724,324493208.07333934,1038895242.87049103,36.28205602,36.28205602,1.00000000,-36.28205602,0.47598440,0.00000000,0.00000000
-0.01005211,2.50000000,38.25000000,20.45345172,20.45345172,1.00000000,-20.45345172,0.48196379,0.00000000,0.00000000
0.01401429,4.66880564,2.71055980,7.77375800,7.77375800,2.00000000,-7.77375800,0.48887835,0.00000000,0.00000000
0.01164923,4.14060647,2.91941207,6.37016241,6.37016241,2.00000000,-6.37016241,0.48993209,0.00000000,0.00000000
0.00968247,2.94709621,2.45856829,5.29716016,5.29716016,2.00000000,-5.29716016,0.49081893,0.00000000,0.00000000
-0.03858891,548534302.39550233,185611016.14713466,30.27586254,30.27586254,2.00000000,-30.27586254,0.47805987,0.00000000,0.00000000
-0.03952552,285690842.53735411,105117011.88321072,34.48492792,34.48492792,2.00000000,-34.48492792,0.47658602,0.00000000,0.00000000
-0.04045589,480884776.32607102,193975419.98556292,39.52689137,39.52689137,2.00000000,-39.52689137,0.47493485,0.00000000,0.00000000
-0.04116855,616663480.67078638,275413758.80700505,45.19914928,45.19914928,2.00000000,-45.19914928,0.47319918,0.00000000,0.00000000
-0.04157242,345368401.83498311,172977057.13519597,51.49676074,51.49676074,2.00000000,-51.49676074,0.47139596,0.00000000,0.00000000
-0.04162963,223668203.25410318,127831489.89961928,58.61295856,58.61295856,2.00000000,-58.61295856,0.46948715,0.00000000,0.00000000
-0.04117376,1263195886.85014915,844115932.27407813,66.49564392,66.49564392,2.00000000,-66.49564392,0.46750432,0.00000000,0.00000000
-0.04023621,216188595.35941243,175588690.02268559,76.12691581,76.12691581,2.00000000,-76.12691581,0.46523610,0.00000000,0.00000000
-0.03912366,157394654.01454365,164472112.36041898,90.07655608,90.07655608,2.00000000,-90.07655608,0.46219369,0.00000000,0.00000000
-0.03728212,15.84250480,20.89328376,101.53069623,101.53069623,2.00000000,-101.53069623,0.45986952,0.00000000,0.00000000
-0.03462840,2.36126665,3.20088328,98.78970670,98.78970670,2.00000000,-98.78970670,0.46041312,0.00000000,0.00000000
-0.02369793,7.04890132,26.34703322,72.31162224,72.31162224,1.00000000,-72.31162224,0.46611629,0.00000000,0.00000000
0.02905921,376153008.89427292,213734639.56184173,28.40184428,28.40184428,2.00000000,-28.40184428,0.47874908,0.00000000,0.00000000
0.02801620,155739440.71484727,102273458.75557059,30.28597727,30.28597727,2.00000000,-30.28597727,0.47805621,0.00000000,0.00000000
0.02641770,42.48703655,31.38649693,30.35520111,30.35520111,2.00000000,-30.35520111,0.47803117,0.00000000,0.00000000
0.02352379,21.33186101,18.74076789,28.42383140,28.42383140,2.00000000,-28.42383140,0.47874086,0.00000000,0.00000000
0.02105643,7.68039974,7.86935168,26.79810820,26.79810820,2.00000000,-26.79810820,0.47935722,0.00000000,0.00000000
0.02026610,2.51774902,2.57361072,27.55690120,27.55690120,2.00000000,-27.55690120,0.47906727,0.00000000,0.00000000
0.01501357,1.30653490,1.70298042,20.99044840,20.99044840,2.00000000,-20.99044840,0.48172872,0.00000000,0.00000000
-0.03192886,400651725.08612764,297644157.87042665,44.14524034,44.14524034,2.00000000,-44.14524034,0.47351301,0.00000000,0.00000000
-0.03036645,100711746.00312012,93074964.78631759,48.78122337,48.78122337,2.00000000,-48.78122337,0.47215909,0.00000000,0.00000000
-0.02991902,7.27826465,6.91685895,50.92931908,50.92931908,2.00000000,-50.92931908,0.47155372,0.00000000,0.00000000
-0.02917093,2.60925809,2.35844935,52.11301168,52.11301168,2.00000000,-52.11301168,0.47122561,0.00000000,0.00000000
-0.02189690,1.50806103,1.73717320,39.70030230,39.70030230,2.00000000,-39.70030230,0.47488000,0.00000000,0.00000000
-0.01128249,7.10244347,26.37930354,16.20095066,16.20095066,2.00000000,-16.20095066,0.48394675,0.00000000,0.00000000
0.01735129,434850400.66532874,279932468.95818830,11.40052313,11.40052313,2.00000000,-11.40052313,0.48653241,0.00000000,0.00000000
0.01722371,200362489.37911546,154459367.57054442,13.29553307,13.29553307,2.00000000,-13.29553307,0.48545657,0.00000000,0.00000000
0.01631532,331518719.82465339,316778193.17416883,14.50804265,14.50804265,2.00000000,-14.50804265,0.48480819,0.00000000,0.00000000
0.01518100,20.27105720,23.68175020,15.15028337,15.15028337,2.00000000,-15.15028337,0.48447574,0.00000000,0.00000000
0.01575393,2.26886319,2.20934684,16.46949390,16.46949390,2.00000000,-16.46949390,0.48381432,0.00000000,0.00000000
0.01025589,1158292.83377515,3875275.22291367,11.34242736,11.34242736,1.00000000,-11.34242736,0.48656675,0.00000000,0.00000000
0.00512768,1.66488647,15.15635681,5.32223977,5.32223977,1.00000000,-5.32223977,0.49079723,0.00000000,0.00000000
-0.01217680,146055889.85443068,68556531.71213493,4.14959411,4.14959411,2.00000000,-4.14959411,0.49187389,0.00000000,0.00000000
-0.01267922,442393337.60677242,230554723.95276356,4.97709715,4.97709715,2.00000000,-4.97709715,0.49110057,0.00000000,0.00000000
-0.01321204,211683375.34552616,124133515.80499554,6.05035268,6.05035268,2.00000000,-6.05035268,0.49018802,0.00000000,0.00000000
-0.01362248,746581815.05253506,501213306.70613229,7.31070710,7.31070710,2.00000000,-7.31070710,0.48921459,0.00000000,0.00000000
-0.01421671,237457918.60781872,186925831.87655318,9.23543010,9.23543010,2.00000000,-9.23543010,0.48787807,0.00000000,0.00000000
-0.01462832,428086285.31682730,408535847.30164397,11.64999596,11.64999596,2.00000000,-11.64999596,0.48638591,0.00000000,0.00000000
-0.01469355,199259671.45430613,242494272.93688238,14.52777590,14.52777590,2.00000000,-14.52777590,0.48479787,0.00000000,0.00000000
-0.01416370,135493262.29919851,229715119.56547785,17.47041915,17.47041915,2.00000000,-17.47041915,0.48333001,0.00000000,0.00000000
-0.01297588,53550127.89710967,162733949.09918517,18.86864207,18.86864207,2.00000000,-18.86864207,0.48267617,0.00000000,0.00000000
0.01387785,72855933.00484478,106902760.94487226,15.26664608,15.26664608,2.00000000,-15.26664608,0.48441627,0.00000000,0.00000000
0.01455748,2.44484027,4.26931420,20.74326468,20.74326468,2.00000000,-20.74326468,0.48183654,0.00000000,0.00000000
-0.02044813,518979292.60107803,630986966.68891144,28.11632408,28.11632408,2.00000000,-28.11632408,0.47885606,0.00000000,0.00000000
-0.02127690,131120302.13032418,229770244.77685606,39.60404702,39.60404702,2.00000000,-39.60404702,0.47491043,0.00000000,0.00000000
-0.02015262,73673330.27556719,248308691.86082557,43.80418796,43.80418796,2.00000000,-43.80418796,0.47361538,0.00000000,0.00000000
0.01885471,80605390.64213714,101045879.52979741,24.41158870,24.41158870,2.00000000,-24.41158870,0.48029704,0.00000000,0.00000000
0.01950698,4.01630202,5.63279906,30.43915624,30.43915624,2.00000000,-30.43915624,0.47800084,0.00000000,0.00000000
0.01524208,1077713.38148177,3719029.86767371,25.17471868,25.17471868,1.00000000,-25.17471868,0.47999170,0.00000000,0.00000000
0.01543015,367018357.79008889,195499369.91558832,7.52753440,7.52753440,2.00000000,-7.52753440,0.48905585,0.00000000,0.00000000
0.01451789,301754053.54172981,183883986.10065496,7.57740768,7.57740768,2.00000000,-7.57740768,0.48901967,0.00000000,0.00000000
0.01422810,34563203.40138113,24811400.70628096,8.49100945,8.49100945,2.00000000,-8.49100945,0.48837673,0.00000000,0.00000000
0.01422648,14.26020809,10.84746583,9.22397679,9.22397679,2.00000000,-9.22397679,0.48788559,0.00000000,0.00000000
0.01371791,5.38642531,4.33574104,9.51439839,9.51439839,2.00000000,-9.51439839,0.48769641,0.00000000,0.00000000
0.01285162,2.48871115,2.14422633,9.90381788,9.90381788,2.00000000,-9.90381788,0.48744723,0.00000000,0.00000000
0.00737389,6.05665893,21.65980282,6.64406583,6.64406583,2.00000000,-6.64406583,0.48971797,0.00000000,0.00000000
0.00511532,59650363.91212364,182296461.34374958,2.92110321,2.92110321,2.00000000,-2.92110321,0.49318192,0.00000000,0.00000000
-0.01181916,12.51813291,6.35290758,4.43672461,4.43672461,2.00000000,-4.43672461,0.49159749,0.00000000,0.00000000
-0.01248463,5.17227702,2.48730072,5.23714317,5.23714317,2.00000000,-5.23714317,0.49087108,0.00000000,0.00000000
-0.01207439,3.09594965,1.32413598,5.50068031,5.50068031,2.00000000,-5.50068031,0.49064425,0.00000000,0.00000000
-0.00794809,142069061.33737582,131854145.22780582,3.35476147,3.35476147,2.00000000,-3.35476147,0.49269338,0.00000000,0.00000000
-0.00686165,169750082.55218357,197836421.28326106,3.06297122,3.06297122,2.00000000,-3.06297122,0.49301833,0.00000000,0.00000000
-0.00573406,114568707.12241042,185474535.16229588,2.82656247,2.82656247,2.00000000,-2.82656247,0.49329315,0.00000000,0.00000000
-0.00511590,101084020.38742280,308906556.11088324,2.92184849,2.92184849,2.00000000,-2.92184849,0.49318105,0.00000000,0.00000000
-0.01665850,510274577.03219759,176688966.64986455,5.77130624,5.77130624,2.00000000,-5.77130624,0.49041691,0.00000000,0.00000000
0.00384285,85695934.16654268,198493591.18938434,1.76700675,1.76700675,2.00000000,-1.76700675,0.49469706,0.00000000,0.00000000
-0.01660576,572571879.59542465,229671672.65587252,6.62332438,6.62332438,2.00000000,-6.62332438,0.48973403,0.00000000,0.00000000
-0.01675293,342320194.39230371,149048629.46965301,7.30213084,7.30213084,2.00000000,-7.30213084,0.48922091,0.00000000,0.00000000
-0.01641253,266914868.29153824,126971769.86935532,7.63676263,7.63676263,2.00000000,-7.63676263,0.48897676,0.00000000,0.00000000
-0.01593735,304033357.93879569,159278180.50357258,7.90324356,7.90324356,2.00000000,-7.90324356,0.48878613,0.00000000,0.00000000
0.02799693,861001259.37324524,315484637.82836008,17.23173030,17.23173030,2.00000000,-17.23173030,0.48344421,0.00000000,0.00000000
-0.01460247,201594015.04218376,132745343.51063883,8.24870407,8.24870407,2.00000000,-8.24870407,0.48854373,0.00000000,0.00000000
-0.01376060,155663969.94488144,118004031.59570730,8.35517285,8.35517285,2.00000000,-8.35517285,0.48847005,0.00000000,0.00000000
0.03397219,475218625.98649025,239795382.15128064,34.63710290,34.63710290,2.00000000,-34.63710290,0.47653448,0.00000000,0.00000000
0.03579570,571545027.76026297,329006420.81799269,43.63433623,43.63433623,2.00000000,-43.63433623,0.47366650,0.00000000,0.00000000
0.03726276,462187434.95993567,309380255.29968917,54.55083293,54.55083293,2.00000000,-54.55083293,0.47056147,0.00000000,0.00000000
0.03776249,216438979.97522998,172799926.51365614,66.01061884,66.01061884,2.00000000,-66.01061884,0.46762279,0.00000000,0.00000000
0.03738821,145236846.72037810,143369745.59085023,78.34908950,78.34908950,2.00000000,-78.34908950,0.46473367,0.00000000,0.00000000
0.03533219,44264451.60021242,56922780.40210804,87.21450598,87.21450598,2.00000000,-87.21450598,0.46279738,0.00000000,0.00000000
0.03357878,3.12493547,4.10412635,87.96216265,87.96216265,2.00000000,-87.96216265,0.46263872,0.00000000,0.00000000
0.02529449,9120517.81188987,31195576.49082686,69.15876913,69.15876913,1.00000000,-69.15876913,0.46686146,0.00000000,0.00000000
0.01196116,1.25000000,37.62500000,28.96002996,28.96002996,1.00000000,-28.96002996,0.47854147,0.00000000,0.00000000
-0.01213332,1.72488994,2.22296964,12.36350892,12.36350892,2.00000000,-12.36350892,0.48597537,0.00000000,0.00000000
-0.00714929,4.26492388,14.99586268,6.41971696,6.41971696,2.00000000,-6.41971696,0.48989302,0.00000000,0.00000000
0.01420502,205100365.76323253,252809841.02743262,13.69933039,13.69933039,2.00000000,-13.69933039,0.48523748,0.00000000,0.00000000
0.01346369,142833459.79819530,262436103.90705025,16.06159936,16.06159936,2.00000000,-16.06159936,0.48401590,0.00000000,0.00000000
0.01226393,25.46627843,89.19904310,16.62527787,16.62527787,2.00000000,-16.62527787,0.48373799,0.00000000,0.00000000
-0.02169357,246932999.12055612,308491911.98058343,32.24203318,32.24203318,2.00000000,-32.24203318,0.47735940,0.00000000,0.00000000
-0.02168114,200463963.27352822,357041964.60709405,41.24028968,41.24028968,2.00000000,-41.24028968,0.47439808,0.00000000,0.00000000
-0.01995185,29547832.32573479,100005703.88528824,42.95187868,42.95187868,2.00000000,-42.95187868,0.47387295,0.00000000,0.00000000
0.01692592,152078664.81687444,249307795.15994167,24.74924726,24.74924726,2.00000000,-24.74924726,0.48016136,0.00000000,0.00000000
0.01823533,100912876.34962311,323241242.32778680,36.18798592,36.18798592,2.00000000,-36.18798592,0.47601551,0.00000000,0.00000000
-0.01843552,836360796.29109621,976417209.58819342,22.14267137,22.14267137,2.00000000,-22.14267137,0.48123430,0.00000000,0.00000000
-0.01830266,12.69485795,19.81701091,27.94007449,27.94007449,2.00000000,-27.94007449,0.47892238,0.00000000,0.00000000
-0.01538178,31187574.18744424,101413678.20765772,25.61944494,25.61944494,2.00000000,-25.61944494,0.47981589,0.00000000,0.00000000
0.02975017,211471500.62092042,188178076.96555245,45.22313556,45.22313556,2.00000000,-45.22313556,0.47319208,0.00000000,0.00000000
0.02976258,452796290.98474336,513180533.34957123,56.21115044,56.21115044,2.00000000,-56.21115044,0.47011766,0.00000000,0.00000000
0.02658586,129794356.96691072,208299100.07776999,60.51102741,60.51102741,2.00000000,-60.51102741,0.46899801,0.00000000,0.00000000
0.02487745,2.10000328,3.80996292,61.79159598,61.79159598,2.00000000,-61.79159598,0.46867236,0.00000000,0.00000000
-0.03616410,31.78584088,21.66244226,52.98738641,52.98738641,2.00000000,-52.98738641,0.47098565,0.00000000,0.00000000
-0.03892160,5.63578186,3.56095552,62.38211099,62.38211099,2.00000000,-62.38211099,0.46852333,0.00000000,0.00000000
-0.03750796,2.65408701,1.62411008,67.37997239,67.37997239,2.00000000,-67.37997239,0.46728944,0.00000000,0.00000000
-0.02789179,2.32627987,1.74923688,43.83659644,43.83659644,2.00000000,-43.83659644,0.47360563,0.00000000,0.00000000
-0.01944276,4.09981861,5.80067290,30.38175633,30.38175633,2.00000000,-30.38175633,0.47802157,0.00000000,0.00000000
-0.01523176,2771093.13785147,9565379.04621564,25.14304633,25.14304633,1.00000000,-25.14304633,0.48000428,0.00000000,0.00000000
0.01534103,621710499.56977773,732648519.20559430,15.45278400,15.45278400,2.00000000,-15.45278400,0.48432161,0.00000000,0.00000000
0.01523153,153114687.43962485,255033506.27743733,20.13423187,20.13423187,2.00000000,-20.13423187,0.48210499,0.00000000,0.00000000
0.01319100,279093409.74396980,842376983.67925310,19.59357674,19.59357674,2.00000000,-19.59357674,0.48234673,0.00000000,0.00000000
-0.01553873,34.09447209,19.15248366,8.15850012,8.15850012,2.00000000,-8.15850012,0.48860653,0.00000000,0.00000000
-0.01695278,5.87080085,2.98321622,9.85127590,9.85127590,2.00000000,-9.85127590,0.48748056,0.00000000,0.00000000
-0.01492723,4.60463835,2.60497959,8.66866473,8.66866473,2.00000000,-8.66866473,0.48825580,0.00000000,0.00000000
0.03305319,346209518.20625615,143902212.20879757,27.16810765,27.16810765,2.00000000,-27.16810765,0.47921533,0.00000000,0.00000000
0.03328598,505819602.39085567,236494875.47434568,30.88957455,30.88957455,2.00000000,-30.88957455,0.47783884,0.00000000,0.00000000
0.03298899,442958353.69792938,236285396.28380084,34.45421310,34.45421310,2.00000000,-34.45421310,0.47659644,0.00000000,0.00000000
0.03219116,238783010.05859858,148017537.68823826,37.86362395,37.86362395,2.00000000,-37.86362395,0.47546720,0.00000000,0.00000000
0.03063093,221.26460500,161.74716471,40.09758737,40.09758737,2.00000000,-40.09758737,0.47475479,0.00000000,0.00000000
0.03087597,9.95527158,7.21973117,42.23613201,42.23613201,2.00000000,-42.23613201,0.47409125,0.00000000,0.00000000
0.03082378,4.22640217,2.95426951,44.15800258,44.15800258,2.00000000,-44.15800258,0.47350919,0.00000000,0.00000000
0.02612982,2.69456876,2.22641785,39.07108125,39.07108125,2.00000000,-39.07108125,0.47507960,0.00000000,0.00000000
0.01562044,1.00001546,1.75230070,29.20096226,29.20096226,2.00000000,-29.20096226,0.47845248,0.00000000,0.00000000
-0.02999133,844207661.79689884,375234208.58479166,23.87625430,23.87625430,2.00000000,-23.87625430,0.48051410,0.00000000,0.00000000
-0.02956387,629031889.69753933,320011902.07113433,26.43832218,26.43832218,2.00000000,-26.43832218,0.47949614,0.00000000,0.00000000
-0.02867718,88546534.42955151,52134303.40813479,28.61413362,28.61413362,2.00000000,-28.61413362,0.47866988,0.00000000,0.00000000
-0.02683516,146761718.31654382,102030619.26258913,29.31502789,29.31502789,2.00000000,-29.31502789,0.47841048,0.00000000,0.00000000
-0.02598799,16.95877950,12.42342507,29.60417875,29.60417875,2.00000000,-29.60417875,0.47830437,0.00000000,0.00000000
-0.02600486,5.58842136,3.83352394,29.83530419,29.83530419,2.00000000,-29.83530419,0.47821992,0.00000000,0.00000000
-0.02964873,3.65726800,1.45219117,29.34899000,29.34899000,2.00000000,-29.34899000,0.47839799,0.00000000,0.00000000
-0.01830384,2.17758475,2.24407368,23.27229554,23.27229554,2.00000000,-23.27229554,0.48076194,0.00000000,0.00000000
-0.01141302,6.22748360,22.75666701,16.39520588,16.39520588,2.00000000,-16.39520588,0.48385084,0.00000000,0.00000000
-0.01176888,9.77092311,5.99003962,5.29182462,5.29182462,2.00000000,-5.29182462,0.49082355,0.00000000,0.00000000
-0.00970014,15.20130331,12.87134142,4.71059793,4.71059793,2.00000000,-4.71059793,0.49134207,0.00000000,0.00000000
-0.00870171,6.36766835,6.08146439,4.35860034,4.35860034,2.00000000,-4.35860034,0.49167178,0.00000000,0.00000000
-0.00840040,2.12220500,1.81419444,4.41153797,4.41153797,2.00000000,-4.41153797,0.49162137,0.00000000,0.00000000
-0.00512821,101528409.92858717,309955410.50026023,2.93789380,2.93789380,1.00000000,-2.93789380,0.49316235,0.00000000,0.00000000
0.01258923,145051724.50847948,98867909.31384432,6.33337950,6.33337950,2.00000000,-6.33337950,0.48996120,0.00000000,0.00000000
0.01257756,234070385.06252789,192604225.12603045,7.52720427,7.52720427,2.00000000,-7.52720427,0.48905609,0.00000000,0.00000000
0.01184035,79623584.36423731,82913690.11460781,8.22474090,8.22474090,2.00000000,-8.22474090,0.48856038,0.00000000,0.00000000
0.01071831,258.38263506,361.22505674,8.64896994,8.64896994,2.00000000,-8.64896994,0.48826915,0.00000000,0.00000000
0.01029745,2.41546791,3.31161074,8.78231033,8.78231033,2.00000000,-8.78231033,0.48817909,0.00000000,0.00000000
0.00717049,6.70098600,24.54759568,6.44002330,6.44002330,2.00000000,-6.44002330,0.48987705,0.00000000,0.00000000
-0.00503974,194024436.87556416,239287913.66649944,1.72502086,1.72502086,2.00000000,-1.72502086,0.49476044,0.00000000,0.00000000
-0.00533999,129132824.32519972,222757466.85191977,2.48935614,2.48935614,2.00000000,-2.48935614,0.49370587,0.00000000,0.00000000
-0.00493263,167407612.23230863,519295889.26262283,2.69064137,2.69064137,2.00000000,-2.69064137,0.49345637,0.00000000,0.00000000
-0.01601020,399519871.05453384,135195088.84345692,5.21179186,5.21179186,2.00000000,-5.21179186,0.49089320,0.00000000,0.00000000
-0.01535575,328303734.02170265,121096996.68898863,5.21765663,5.21765663,2.00000000,-5.21765663,0.49088808,0.00000000,0.00000000
-0.01511689,1082.20075309,438.84732917,5.55101587,5.55101587,2.00000000,-5.55101587,0.49060155,0.00000000,0.00000000
-0.01494010,44.68520385,18.54750881,5.63091884,5.63091884,2.00000000,-5.63091884,0.49053416,0.00000000,0.00000000
-0.01501441,18.95879434,7.94488875,5.87776906,5.87776906,2.00000000,-5.87776906,0.49032895,0.00000000,0.00000000
-0.01418368,12.97547263,5.81039023,5.69061236,5.69061236,2.00000000,-5.69061236,0.49048413,0.00000000,0.00000000
-0.01385789,8.16752765,3.78879348,5.83530672,5.83530672,2.00000000,-5.83530672,0.49036394,0.00000000,0.00000000
-0.01342796,5.27828057,2.53993764,6.03631075,6.03631075,2.00000000,-6.03631075,0.49019941,0.00000000,0.00000000
-0.01264018,3.26734794,1.60427391,6.24504911,6.24504911,2.00000000,-6.24504911,0.49003143,0.00000000,0.00000000
-0.00985884,2.85635542,1.66548116,4.40374420,4.40374420,2.00000000,-4.40374420,0.49162877,0.00000000,0.00000000
-0.00748270,1.85434168,1.22636342,3.35009665,3.35009665,2.00000000,-3.35009665,0.49269846,0.00000000,0.00000000
-0.00471086,129384745.95957166,192028871.70128548,1.78120961,1.78120961,2.00000000,-1.78120961,0.49467580,0.00000000,0.00000000
-0.00384250,73688291.44237003,170694935.15663725,1.76684980,1.76684980,2.00000000,-1.76684980,0.49469730,0.00000000,0.00000000
0.01580186,399383623.68740678,231209108.58601034,8.54929702,8.54929702,2.00000000,-8.54929702,0.48833692,0.00000000,0.00000000
0.01551772,1628619906.23319101,1099772454.31168699,9.53871216,9.53871216,2.00000000,-9.53871216,0.48768070,0.00000000,0.00000000
0.01458830,122380413.84709364,98805962.28501469,9.95292170,9.95292170,2.00000000,-9.95292170,0.48741616,0.00000000,0.00000000
0.01333572,56944660.30703998,57132404.14024770,10.10544868,10.10544868,2.00000000,-10.10544868,0.48732013,0.00000000,0.00000000
0.01257676,7.20505724,7.71231446,9.93916356,9.93916356,2.00000000,-9.93916356,0.48742485,0.00000000,0.00000000
0.01034218,3.99541076,5.82423389,8.80024846,8.80024846,2.00000000,-8.80024846,0.48816703,0.00000000,0.00000000
0.00820425,6.89199527,23.49759200,7.65153345,7.65153345,2.00000000,-7.65153345,0.48896610,0.00000000,0.00000000
-0.02255597,108832957.04967797,69600261.90785438,19.14610201,19.14610201,2.00000000,-19.14610201,0.48254935,0.00000000,0.00000000
-0.02173288,49.48529725,35.95278200,20.20188351,20.20188351,2.00000000,-20.20188351,0.48207497,0.00000000,0.00000000
-0.02132682,8.87034055,6.48666118,20.42441230,20.42441230,2.00000000,-20.42441230,0.48197659,0.00000000,0.00000000
-0.02071684,3.99096645,2.87025456,20.57843330,20.57843330,2.00000000,-20.57843330,0.48190880,0.00000000,0.00000000
-0.01773331,2.45634270,1.96974111,18.08091567,18.08091567,2.00000000,-18.08091567,0.48304142,0.00000000,0.00000000
-0.01248032,1.72072606,2.03022755,12.45914276,12.45914276,2.00000000,-12.45914276,0.48592125,0.00000000,0.00000000
-0.00717896,4.26235689,14.94621000,6.44818097,6.44818097,2.00000000,-6.44818097,0.48987064,0.00000000,0.00000000
0.02198472,76.50201445,32.06853255,12.22710150,12.22710150,2.00000000,-12.22710150,0.48605292,0.00000000,0.00000000
0.02195520,22.80434522,9.65524731,12.59810547,12.59810547,2.00000000,-12.59810547,0.48584299,0.00000000,0.00000000
0.02142359,13.00570603,5.66479835,12.65842846,12.65842846,2.00000000,-12.65842846,0.48580915,0.00000000,0.00000000
0.02069146,8.34900362,3.76718756,12.67232067,12.67232067,2.00000000,-12.67232067,0.48580137,0.00000000,0.00000000
0.01919530,5.86313298,2.82494994,12.10708553,12.10708553,2.00000000,-12.10708553,0.48612151,0.00000000,0.00000000
0.01797107,3.50592182,1.75613078,12.41999455,12.41999455,2.00000000,-12.41999455,0.48594338,0.00000000,0.00000000
0.00734314,1.00002105,1.93685683,6.74758300,6.74758300,2.00000000,-6.74758300,0.48963820,0.00000000,0.00000000
0.01095786,4.07307488,3.12618646,6.03565234,6.03565234,2.00000000,-6.03565234,0.49019995,0.00000000,0.00000000
0.00901065,2.91818066,2.72039264,4.97520170,4.97520170,2.00000000,-4.97520170,0.49110227,0.00000000,0.00000000
0.00663455,2.85861961,4.08001688,3.68551985,3.68551985,2.00000000,-3.68551985,0.49234169,0.00000000,0.00000000
-0.02735421,390211607.97384405,240242113.03291547,27.16383729,27.16383729,2.00000000,-27.16383729,0.47921696,0.00000000,0.00000000
-0.02707451,210573917.69475543,151412877.72525334,30.79341775,30.79341775,2.00000000,-30.79341775,0.47787332,0.00000000,0.00000000
-0.02604013,221740924.99892431,191950453.48762703,33.78267555,33.78267555,2.00000000,-33.78267555,0.47682538,0.00000000,0.00000000
-0.02399675,199747230.50983500,217797408.63761771,35.23537869,35.23537869,2.00000000,-35.23537869,0.47633293,0.00000000,0.00000000
-0.02127050,31.95317594,45.72230050,35.37356188,35.37356188,2.00000000,-35.37356188,0.47628662,0.00000000,0.00000000
-0.02004859,2.15246042,3.25768532,36.04071780,36.04071780,2.00000000,-36.04071780,0.47606431,0.00000000,0.00000000
-0.01311691,2.11167294,6.98936414,23.70981924,23.70981924,2.00000000,-23.70981924,0.48058208,0.00000000,0.00000000
0.02522783,97774440.14343292,64082928.76396176,24.51229863,24.51229863,2.00000000,-24.51229863,0.48025648,0.00000000,0.00000000
0.02379870,113.26127555,85.26265309,24.91725757,24.91725757,2.00000000,-24.91725757,0.48009419,0.00000000,0.00000000
0.02170049,21.11540856,17.95062333,23.49189440,23.49189440,2.00000000,-23.49189440,0.48067146,0.00000000,0.00000000
0.01922842,8.78993044,8.68135854,21.54719460,21.54719460,2.00000000,-21.54719460,0.48148816,0.00000000,0.00000000
0.01730667,3.34988702,3.74868883,20.62127734,20.62127734,2.00000000,-20.62127734,0.48188999,0.00000000,0.00000000
0.01397187,1.44455455,1.99727323,17.92705990,17.92705990,2.00000000,-17.92705990,0.48311369,0.00000000,0.00000000
0.00785832,9.30584650,33.11922765,7.19776491,7.19776491,2.00000000,-7.19776491,0.48929820,0.00000000,0.00000000
-0.01260149,19.63275087,25.06514395,11.20314605,11.20314605,2.00000000,-11.20314605,0.48664946,0.00000000,0.00000000
-0.01797296,2.50153143,1.23707918,14.61291850,14.61291850,2.00000000,-14.61291850,0.48475341,0.00000000,0.00000000
-0.00821469,9.00184695,31.25894925,7.66597922,7.66597922,2.00000000,-7.66597922,0.48895569,0.00000000,0.00000000
-0.00955161,251533555.77280408,285175275.89912438,5.79123883,5.79123883,2.00000000,-5.79123883,0.49040038,0.00000000,0.00000000
-0.00842320,56529054.31402363,87627399.57658997,5.93642476,5.93642476,2.00000000,-5.93642476,0.49028082,0.00000000,0.00000000
-0.00721475,73406249.08823565,196915776.20582128,6.41467257,6.41467257,2.00000000,-6.41467257,0.48989699,0.00000000,0.00000000
0.02943171,672581851.97751594,304912395.15742278,23.43866112,23.43866112,2.00000000,-23.43866112,0.48069335,0.00000000,0.00000000
0.01050670,250390291.44577384,453641640.73869395,9.72851719,9.72851719,2.00000000,-9.72851719,0.48755878,0.00000000,0.00000000
0.00970636,19301897.66732321,66083508.63606910,10.18606207,10.18606207,2.00000000,-10.18606207,0.48726967,0.00000000,0.00000000
-0.01562253,141100844.56709808,227338840.12288117,20.93555541,20.93555541,2.00000000,-20.93555541,0.48175261,0.00000000,0.00000000
-0.01666689,1.58464743,2.51593596,26.63119953,26.63119953,2.00000000,-26.63119953,0.47942155,0.00000000,0.00000000
0.03398329,138207723.28525466,142618985.06318080,67.21751882,67.21751882,2.00000000,-67.21751882,0.46732881,0.00000000,0.00000000
0.03331048,8.32172719,9.90119670,75.59721786,75.59721786,2.00000000,-75.59721786,0.46535696,0.00000000,0.00000000
0.03254625,1.79134290,2.09119256,83.27178629,83.27178629,2.00000000,-83.27178629,0.46364563,0.00000000,0.00000000
0.02029506,17.20863838,60.64272211,46.15343059,46.15343059,2.00000000,-46.15343059,0.47291816,0.00000000,0.00000000
-0.02322087,11.94749619,7.84465951,21.67244464,21.67244464,2.00000000,-21.67244464,0.48143448,0.00000000,0.00000000
-0.02624372,4.16333120,2.29816781,26.87586673,26.87586673,2.00000000,-26.87586673,0.47932732,0.00000000,0.00000000
-0.02336498,2.82444268,1.60345593,24.49527074,24.49527074,2.00000000,-24.49527074,0.48026333,0.00000000,0.00000000
-0.01055185,1.00000925,1.86749378,13.70305192,13.70305192,2.00000000,-13.70305192,0.48523547,0.00000000,0.00000000
-0.01035464,2.39397551,3.23475547,8.79893554,8.79893554,2.00000000,-8.79893554,0.48816791,0.00000000,0.00000000
-0.00717949,4.43188465,15.61259956,6.44869035,6.44869035,1.00000000,-6.44869035,0.48987024,0.00000000,0.00000000
0.04352099,1963470354.54697037,593487038.03501081,34.45952375,34.45952375,2.00000000,-34.45952375,0.47659464,0.00000000,0.00000000
0.04392624,212166312.86685789,68869465.70617235,37.65878765,37.65878765,2.00000000,-37.65878765,0.47553356,0.00000000,0.00000000
0.04395715,418688666.32613802,146714765.16649067,40.65790044,40.65790044,2.00000000,-40.65790044,0.47457925,0.00000000,0.00000000
0.04379126,611018516.37020755,232652304.29799604,43.77411902,43.77411902,2.00000000,-43.77411902,0.47362442,0.00000000,0.00000000
0.04338767,680839192.05643415,283847098.28475595,46.95084704,46.95084704,2.00000000,-46.95084704,0.47268558,0.00000000,0.00000000
0.04270108,156660881.66009039,72158669.90995327,50.10373445,50.10373445,2.00000000,-50.10373445,0.47178484,0.00000000,0.00000000
0.04168881,112999854.96667844,58128960.90893587,53.13650442,53.13650442,2.00000000,-53.13650442,0.47094492,0.00000000,0.00000000
0.04048192,167706214.12835747,97660584.01307231,56.42522514,56.42522514,2.00000000,-56.42522514,0.47006092,0.00000000,0.00000000
0.03855983,163992339.48613429,109974287.07702503,58.51508909,58.51508909,2.00000000,-58.51508909,0.46951258,0.00000000,0.00000000
0.03551860,108757944.43534136,85961860.44119668,57.86214548,57.86214548,2.00000000,-57.86214548,0.46968283,0.00000000,0.00000000
0.03250564,71.48745124,67.39267311,57.14143369,57.14143369,2.00000000,-57.14143369,0.46987187,0.00000000,0.00000000
0.02998135,7.62825952,7.82955202,54.42448373,54.42448373,2.00000000,-54.42448373,0.47059552,0.00000000,0.00000000
0.02825732,2.19831948,2.19025436,54.16837193,54.16837193,2.00000000,-54.16837193,0.47066467,0.00000000,0.00000000
0.01844024,199956544.44462073,637568472.31194186,37.07513687,37.07513687,2.00000000,-37.07513687,0.47572366,0.00000000,0.00000000
0.01023510,2.81250000,31.84375000,21.20493469,21.20493469,1.00000000,-21.20493469,0.48163567,0.00000000,0.00000000
-0.02006613,214902095.93551582,216910940.04215276,22.99639439,22.99639439,2.00000000,-22.99639439,0.48087623,0.00000000,0.00000000
-0.01799716,83478823.44386263,109891716.77831146,23.01910414,23.01910414,2.00000000,-23.01910414,0.48086680,0.00000000,0.00000000
-0.01523191,161691510.09274584,308361156.78282213,21.06007054,21.06007054,2.00000000,-21.06007054,0.48169846,0.00000000,0.00000000
0.04070532,253914834.78325397,147340880.92444754,56.85776911,56.85776911,2.00000000,-56.85776911,0.46994660,0.00000000,0.00000000
0.04064630,408779925.23627377,271558398.24128854,64.44447756,64.44447756,2.00000000,-64.44447756,0.46800835,0.00000000,0.00000000
0.03919132,213617775.77710772,166034629.46378124,69.36421248,69.36421248,2.00000000,-69.36421248,0.46681239,0.00000000,0.00000000
0.03623953,51784577.87439850,48703237.70468774,70.58110684,70.58110684,2.00000000,-70.58110684,0.46652322,0.00000000,0.00000000
0.03237372,100892885.15052593,121974715.80499333,70.18700752,70.18700752,2.00000000,-70.18700752,0.46661659,0.00000000,0.00000000
0.02800706,497653809.90695405,873276054.37808704,68.63526823,68.63526823,2.00000000,-68.63526823,0.46698684,0.00000000,0.00000000
0.02558750,2502722.86490868,8518904.43860769,70.70112221,70.70112221,1.00000000,-70.70112221,0.46649484,0.00000000,0.00000000
-0.03364046,918480969.75758028,1010087664.43535876,69.80891261,69.80891261,2.00000000,-69.80891261,0.46670642,0.00000000,0.00000000
-0.03226366,23.93784668,35.62734086,84.57546433,84.57546433,2.00000000,-84.57546433,0.46336296,0.00000000,0.00000000
-0.03077736,1.91873296,2.95646558,86.78940719,86.78940719,2.00000000,-86.78940719,0.46288790,0.00000000,0.00000000
-0.01844003,7.17045491,29.11414985,51.01465899,51.01465899,2.00000000,-51.01465899,0.47152994,0.00000000,0.00000000
0.01294447,118910471.22105300,118182894.35576671,9.44565563,9.44565563,2.00000000,-9.44565563,0.48774092,0.00000000,0.00000000
0.01257239,10.21795711,11.60179199,10.28586631,10.28586631,2.00000000,-10.28586631,0.48720748,0.00000000,0.00000000
0.01165660,1.80415158,1.93640169,10.16884460,10.16884460,2.00000000,-10.16884460,0.48728043,0.00000000,0.00000000
0.00800327,125520188.23806316,377290885.07389903,7.23429610,7.23429610,2.00000000,-7.23429610,0.48927108,0.00000000,0.00000000
-0.01861613,377699791.59378028,174343561.25684571,9.54275716,9.54275716,2.00000000,-9.54275716,0.48767809,0.00000000,0.00000000
-0.00512761,10.15987784,34.83822843,2.93313318,2.93313318,2.00000000,-2.93313318,0.49316789,0.00000000,0.00000000
-0.02071494,239998222.24456900,140252203.87133902,14.82444300,14.82444300,2.00000000,-14.82444300,0.48464351,0.00000000,0.00000000
-0.02153378,487038598.47522902,329313686.21495187,18.39092188,18.39092188,2.00000000,-18.39092188,0.48289675,0.00000000,0.00000000
-0.02232591,203352958.11250544,163357703.37950313,23.20417054,23.20417054,2.00000000,-23.20417054,0.48079010,0.00000000,0.00000000
-0.02251696,492987393.62896752,488209270.22575605,28.49445754,28.49445754,2.00000000,-28.49445754,0.47871449,0.00000000,0.00000000
-0.02182642,158491664.66720247,203884018.47437841,33.29000214,33.29000214,2.00000000,-33.29000214,0.47699480,0.00000000,0.00000000
-0.02138486,2.94062256,3.87647273,36.00666242,36.00666242,2.00000000,-36.00666242,0.47607561,0.00000000,0.00000000
-0.01605877,71755857.24918303,242243941.68546551,27.81836667,27.81836667,1.00000000,-27.81836667,0.47896829,0.00000000,0.00000000
0.01541578,46927837.11015519,55886691.59159863,15.73520752,15.73520752,2.00000000,-15.73520752,0.48417906,0.00000000,0.00000000
0.01774027,2.48760561,2.42946277,20.51414962,20.51414962,2.00000000,-20.51414962,0.48193706,0.00000000,0.00000000
0.01278333,1.53202223,2.09734197,14.64655940,14.64655940,2.00000000,-14.64655940,0.48473588,0.00000000,0.00000000
0.00703660,6.92483573,25.70768205,6.31488517,6.31488517,2.00000000,-6.31488517,0.48997586,0.00000000,0.00000000
0.01891377,200439983.59698725,156543010.72761011,16.22722836,16.22722836,2.00000000,-16.22722836,0.48393374,0.00000000,0.00000000
0.02029710,340107664.15058041,323158149.30826437,22.34260949,22.34260949,2.00000000,-22.34260949,0.48114983,0.00000000,0.00000000
0.02136326,398792813.43763375,489205788.76982498,30.88266771,30.88266771,2.00000000,-30.88266771,0.47784132,0.00000000,0.00000000
0.02121628,164225214.97643924,288468584.00114286,39.39277786,39.39277786,2.00000000,-39.39277786,0.47497735,0.00000000,0.00000000
0.02011060,66016853.59769119,222697341.08568203,43.62444420,43.62444420,1.00000000,-43.62444420,0.47366949,0.00000000,0.00000000
-0.03474400,185029474.33096957,242174762.86674714,85.41439558,85.41439558,2.00000000,-85.41439558,0.46318221,0.00000000,0.00000000
-0.03332258,26.52700514,49.89725541,101.73589239,101.73589239,2.00000000,-101.73589239,0.45982913,0.00000000,0.00000000
-0.02837057,10.81380287,38.73101303,93.64457518,93.64457518,2.00000000,-93.64457518,0.46145447,0.00000000,0.00000000
0.02075769,13.50381617,9.13258075,17.69673094,17.69673094,2.00000000,-17.69673094,0.48322245,0.00000000,0.00000000
0.02331561,3.38453916,1.99311074,23.40014283,23.40014283,2.00000000,-23.40014283,0.48070921,0.00000000,0.00000000
0.01861497,2.73099179,1.91484533,17.76608135,17.76608135,2.00000000,-17.76608135,0.48318963,0.00000000,0.00000000
0.01404954,2.44705542,2.20068263,12.22132785,12.22132785,2.00000000,-12.22132785,0.48605621,0.00000000,0.00000000
0.00988465,2.54531955,3.82329323,8.59532865,8.59532865,2.00000000,-8.59532865,0.48830557,0.00000000,0.00000000
0.00702742,7.40330611,27.62620911,6.30657075,6.30657075,1.00000000,-6.30657075,0.48998246,0.00000000,0.00000000
-0.01256490,271150575.85247171,338174641.16952789,10.80404448,10.80404448,2.00000000,-10.80404448,0.48688933,0.00000000,0.00000000
-0.01169825,236370104.08503997,422430903.70724392,12.01503118,12.01503118,2.00000000,-12.01503118,0.48617435,0.00000000,0.00000000
-0.01010627,69953903.12047321,235480757.60533953,11.01543306,11.01543306,1.00000000,-11.01543306,0.48676173,0.00000000,0.00000000
-0.00497807,1.25000000,37.62500000,5.01618542,5.01618542,1.00000000,-5.01618542,0.49106570,0.00000000,0.00000000
0.00710376,156937702.11242080,432569012.98292518,6.10462126,6.10462126,2.00000000,-6.10462126,0.49014412,0.00000000,0.00000000
0.02217310,182822373.53708851,141901296.97142047,22.17423486,22.17423486,2.00000000,-22.17423486,0.48122094,0.00000000,0.00000000
-0.01055025,117325040.74039644,308860287.54747319,13.85542396,13.85542396,2.00000000,-13.85542396,0.48515365,0.00000000,0.00000000
0.02351211,486630302.62469101,603793740.38630652,37.70027577,37.70027577,2.00000000,-37.70027577,0.47552011,0.00000000,0.00000000
0.02299064,140700887.41928250,251032403.66948038,46.38966507,46.38966507,2.00000000,-46.38966507,0.47284905,0.00000000,0.00000000
0.02016476,48770430.01627091,164334627.74895084,43.85622680,43.85622680,1.00000000,-43.85622680,0.47359973,0.00000000,0.00000000
-0.01623655,289705412.09778845,348603431.73062778,17.59369036,17.59369036,2.00000000,-17.59369036,0.48327134,0.00000000,0.00000000
-0.01607500,24633005.21246000,41914836.52145167,22.51620821,22.51620821,2.00000000,-22.51620821,0.48107679,0.00000000,0.00000000
-0.01315163,278265543.54325891,840926825.47216892,19.45938419,19.45938419,2.00000000,-19.45938419,0.48240725,0.00000000,0.00000000
-0.00802232,1.25000000,37.62500000,13.02725376,13.02725376,1.00000000,-13.02725376,0.48560399,0.00000000,0.00000000
0.02271328,457518892.65288031,185400218.49143445,12.51516903,12.51516903,2.00000000,-12.51516903,0.48588965,0.00000000,0.00000000
0.02275313,724373429.26564646,323140036.43369234,13.79072245,13.79072245,2.00000000,-13.79072245,0.48518834,0.00000000,0.00000000
0.02312238,926204037.92895651,459956121.11014676,15.80042508,15.80042508,2.00000000,-15.80042508,0.48414632,0.00000000,0.00000000
0.02285890,606242968.14059973,339446915.18578494,17.32954282,17.32954282,2.00000000,-17.32954282,0.48339732,0.00000000,0.00000000
0.02235501,967503688.61416078,621269156.55081081,18.87927702,18.87927702,2.00000000,-18.87927702,0.48267129,0.00000000,0.00000000
0.02114368,173440632.39236242,130465968.36428952,19.58462947,19.58462947,2.00000000,-19.58462947,0.48235076,0.00000000,0.00000000
0.02019387,16.59179860,13.55572200,19.73136959,19.73136959,2.00000000,-19.73136959,0.48228481,0.00000000,0.00000000
0.01924078,5.28575052,4.51940356,19.70780458,19.70780458,2.00000000,-19.70780458,0.48229538,0.00000000,0.00000000
0.01691158,2.63257351,2.49810842,18.07780394,18.07780394,2.00000000,-18.07780394,0.48304288,0.00000000,0.00000000
0.01237874,1.82630552,2.40809882,12.87689272,12.87689272,2.00000000,-12.87689272,0.48568727,0.00000000,0.00000000
0.00798795,10.36127764,36.77957837,7.36210030,7.36210030,2.00000000,-7.36210030,0.48917675,0.00000000,0.00000000
-0.01354460,146903055.80185461,177443143.63617766,12.27793236,12.27793236,2.00000000,-12.27793236,0.48602397,0.00000000,0.00000000
-0.01366581,3.60000101,4.32455509,13.46459577,13.46459577,2.00000000,-13.46459577,0.48536444,0.00000000,0.00000000
-0.01039986,1.95784908,4.09297932,11.36786593,11.36786593,2.00000000,-11.36786593,0.48655170,0.00000000,0.00000000
-0.00513743,5.00000000,29.50000000,5.34219678,5.34219678,1.00000000,-5.34219678,0.49077999,0.00000000,0.00000000
-0.00750874,19.90246055,24.54367321,3.86431333,3.86431333,2.00000000,-3.86431333,0.49215815,0.00000000,0.00000000
-0.00717485,2.58819613,3.15911776,3.89415220,3.89415220,2.00000000,-3.89415220,0.49212794,0.00000000,0.00000000
0.01772822,420964392.66866791,214266720.56340206,9.51151963,9.51151963,2.00000000,-9.51151963,0.48769827,0.00000000,0.00000000
0.01770932,418941275.25938213,244234662.05780590,10.80975806,10.80975806,2.00000000,-10.80975806,0.48688586,0.00000000,0.00000000
0.01722106,104913419.60223138,71614922.62933081,11.86746360,11.86746360,2.00000000,-11.86746360,0.48625948,0.00000000,0.00000000
0.01620552,259416646.84251499,213665724.76325321,12.50678893,12.50678893,2.00000000,-12.50678893,0.48589437,0.00000000,0.00000000
0.01471567,44870934.00173523,46602358.98382916,12.67506749,12.67506749,2.00000000,-12.67506749,0.48579983,0.00000000,0.00000000
0.01418212,5.89153979,6.44591900,13.00576456,13.00576456,2.00000000,-13.00576456,0.48561586,0.00000000,0.00000000
0.01358356,1.87048174,1.97306543,13.52451073,13.52451073,2.00000000,-13.52451073,0.48533193,0.00000000,0.00000000
0.00820434,9.82659107,34.31919717,7.65165634,7.65165634,2.00000000,-7.65165634,0.48896601,0.00000000,0.00000000
0.00307614,2.50000000,28.25000000,1.91541930,1.91541930,1.00000000,-1.91541930,0.49447887,0.00000000,0.00000000
-0.00421432,95578598.01277292,139629973.34992826,1.40098987,1.40098987,2.00000000,-1.40098987,0.49527809,0.00000000,0.00000000
-0.00383686,597147634.67212963,1385345617.78110647,1.76465291,1.76465291,2.00000000,-1.76465291,0.49470060,0.00000000,0.00000000
-0.00307614,2.50000000,28.25000000,1.91541905,1.91541905,1.00000000,-1.91541905,0.49447887,0.00000000,0.00000000
0.00422208,168688679.15056431,246196625.80655193,1.40463080,1.40463080,2.00000000,-1.40463080,0.49527196,0.00000000,0.00000000
0.00384230,99180932.06137425,229786505.82768631,1.76700692,1.76700692,2.00000000,-1.76700692,0.49469706,0.00000000,0.00000000
0.00307692,2.50000000,28.25000000,1.91639787,1.91639787,1.00000000,-1.91639787,0.49447746,0.00000000,0.00000000
-0.00435921,395878395.48317301,175993465.37364525,0.50450920,0.50450920,2.00000000,-0.50450920,0.49716638,0.00000000,0.00000000
-0.00858177,62.05810230,14.29963447,1.04015881,1.04015881,2.00000000,-1.04015881,0.49593133,0.00000000,0.00000000
-0.00856120,20.40244610,4.03299590,0.95082411,0.95082411,2.00000000,-0.95082411,0.49610997,0.00000000,0.00000000
-0.00432919,283100037.13381994,193590689.94797999,0.75123520,0.75123520,2.00000000,-0.75123520,0.49654226,0.00000000,0.00000000
-0.00430996,163553528.41807151,136308370.01377535,0.89414226,0.89414226,2.00000000,-0.89414226,0.49622769,0.00000000,0.00000000
-0.00428984,303390988.23874438,322993067.16885006,1.10127485,1.10127485,2.00000000,-1.10127485,0.49581351,0.00000000,0.00000000
-0.00422213,122120376.87932831,178227906.06311166,1.40463077,1.40463077,2.00000000,-1.40463077,0.49527196,0.00000000,0.00000000
-0.00384285,85695934.16654268,198493591.18938434,1.76700738,1.76700738,2.00000000,-1.76700738,0.49469706,0.00000000,0.00000000
-0.00307692,1.40625000,20.04687500,1.91639788,1.91639788,1.00000000,-1.91639788,0.49447746,0.00000000,0.00000000
-0.01069352,327375971.11288035,127102058.31085211,2.66043237,2.66043237,2.00000000,-2.66043237,0.49349321,0.00000000,0.00000000
-0.01132953,315648590.78579593,133309599.83515841,3.24196401,3.24196401,2.00000000,-3.24196401,0.49281725,0.00000000,0.00000000
-0.01198527,540605476.73732686,250483796.93650752,3.96990848,3.96990848,2.00000000,-3.96990848,0.49205175,0.00000000,0.00000000
-0.01264515,215667986.43005025,110779939.35487020,4.88187920,4.88187920,2.00000000,-4.88187920,0.49118610,0.00000000,0.00000000
-0.01328216,1163051803.76317406,671185339.72677684,6.02204020,6.02204020,2.00000000,-6.02204020,0.49021100,0.00000000,0.00000000
-0.01385391,555061817.16133547,366152771.34309149,7.43724713,7.43724713,2.00000000,-7.43724713,0.48912167,0.00000000,0.00000000
-0.01428901,349170731.73755896,269613616.39486814,9.16455564,9.16455564,2.00000000,-9.16455564,0.48792466,0.00000000,0.00000000
-0.01447480,290341007.82610607,271449815.42271781,11.20054188,11.20054188,2.00000000,-11.20054188,0.48665101,0.00000000,0.00000000
-0.01422536,159671587.79600406,190828540.14104533,13.43561728,13.43561728,2.00000000,-13.43561728,0.48538019,0.00000000,0.00000000
-0.01333761,160085542.24900949,269337187.73396742,15.47139668,15.47139668,2.00000000,-15.47139668,0.48431217,0.00000000,0.00000000
-0.01214276,165190823.58818793,515610400.10415888,16.24697829,16.24697829,2.00000000,-16.24697829,0.48392397,0.00000000,0.00000000
0.01828849,234430758.02308065,280748961.79357553,22.24155359,22.24155359,2.00000000,-22.24155359,0.48119247,0.00000000,0.00000000
0.01752791,373568606.49060130,668743399.12317896,26.98448234,26.98448234,2.00000000,-26.98448234,0.47928563,0.00000000,0.00000000
0.01538522,3.54100301,10.06960007,25.61669175,25.61669175,2.00000000,-25.61669175,0.47981698,0.00000000,0.00000000
-0.02858728,202023137.19955337,124241512.09117925,29.63672557,29.63672557,2.00000000,-29.63672557,0.47829246,0.00000000,0.00000000
-0.03051761,679267532.61778116,482816560.27828789,38.70491695,38.70491695,2.00000000,-38.70491695,0.47519650,0.00000000,0.00000000
-0.03097545,438490574.29083705,368974875.23903131,46.58774310,46.58774310,2.00000000,-46.58774310,0.47279124,0.00000000,0.00000000
-0.03052108,70684960.96393177,72802512.77033100,54.12977778,54.12977778,2.00000000,-54.12977778,0.47067510,0.00000000,0.00000000
-0.02872054,66977165.84965381,88425351.56286049,58.75599376,58.75599376,2.00000000,-58.75599376,0.46945001,0.00000000,0.00000000
-0.02687771,2.58546956,3.54175426,59.33877903,59.33877903,2.00000000,-59.33877903,0.46929918,0.00000000,0.00000000
-0.02044529,219795311.44143432,736359066.66022968,45.07595614,45.07595614,2.00000000,-45.07595614,0.47323567,0.00000000,0.00000000
0.03358634,24.74066635,32.25301452,80.72365247,80.72365247,2.00000000,-80.72365247,0.46420466,0.00000000,0.00000000
0.03491889,1.60042802,2.01926509,103.35996597,103.35996597,2.00000000,-103.35996597,0.45951085,0.00000000,0.00000000
0.02184741,172379.40763322,606488.88646791,52.17382107,52.17382107,1.00000000,-52.17382107,0.47120886,0.00000000,0.00000000
-0.04339954,107.14315593,120.94542856,119.41317493,119.41317493,2.00000000,-119.41317493,0.45649166,0.00000000,0.00000000
-0.04659628,3.04924935,2.90696100,134.27706744,134.27706744,2.00000000,-134.27706744,0.45387462,0.00000000,0.00000000
-0.03633101,1.68206719,2.09667042,109.53130446,109.53130446,2.00000000,-109.53130446,0.45832391,0.00000000,0.00000000
0.25683912,1670477168.58193588,416082771.30449986,985.51235935,985.51235935,2.00000000,-985.51235935,0.37678759,0.00000000,0.00000000
0.32186423,38.06862814,8.34959575,1416.80997244,1416.80997244,2.00000000,-1416.80997244,0.35330778,0.00000000,0.00000000
0.58401140,417131089.06249094,103898385.21810958,5095.40736663,5095.40736663,2.00000000,-5095.40736663,0.23766887,0.00000000,0.00000000
0.80026314,431801194.96242690,107552393.66070449,9567.57529662,9567.57529662,2.00000000,-9567.57529662,0.16400259,0.00000000,0.00000000
1.04300951,946975499.55177975,235871253.84482181,16252.22529485,16252.22529485,2.00000000,-16252.22529485,0.10118256,0.00000000,0.00000000
1.27582000,873599408.46935201,217594864.36382163,24317.28886056,24317.28886056,2.00000000,-24317.28886056,0.05945085,0.00000000,0.00000000
0.54437704,10.17880596,1.77051769,4029.83514718,4029.83514718,2.00000000,-4029.83514718,0.26277623,0.00000000,0.00000000
1.66606550,31625.84724284,7876.13317077,41463.99113352,41463.99113352,2.00000000,-41463.99113352,0.02086158,0.00000000,0.00000000
1.81446131,453137454.04601312,112866797.08369905,49184.88797855,49184.88797855,2.00000000,-49184.88797855,0.01328537,0.00000000,0.00000000
1.91521073,3778820324.78514099,941235216.40287018,54799.43235660,54799.43235660,2.00000000,-54799.43235660,0.00961794,0.00000000,0.00000000
1.94437337,65944079.97444357,16562873.42994384,57026.90023060,57026.90023060,2.00000000,-57026.90023060,0.00846947,0.00000000,0.00000000
1.94673523,103.50045957,25.85822055,57676.54398557,57676.54398557,2.00000000,-57676.54398557,0.00816190,0.00000000,0.00000000
1.92297788,55.38236684,14.07893351,57873.29659336,57873.29659336,2.00000000,-57873.29659336,0.00807105,0.00000000,0.00000000
1.90436746,35.21319628,9.04501173,58095.32446706,58095.32446706,2.00000000,-58095.32446706,0.00796977,0.00000000,0.00000000
1.88132116,24.97405932,6.49598477,58292.23110026,58292.23110026,2.00000000,-58292.23110026,0.00788104,0.00000000,0.00000000
1.86069797,18.47582856,4.83769284,58570.39555561,58570.39555561,2.00000000,-58570.39555561,0.00775743,0.00000000,0.00000000
1.83536753,14.18917467,3.73593940,58791.18818420,58791.18818420,2.00000000,-58791.18818420,0.00766074,0.00000000,0.00000000
1.79326612,11.28086751,3.00099044,58452.96742546,58452.96742546,2.00000000,-58452.96742546,0.00780937,0.00000000,0.00000000
1.74058231,9.08598449,2.43765477,57772.32695414,57772.32695414,2.00000000,-57772.32695414,0.00811754,0.00000000,0.00000000
1.64420884,7.59250923,2.10959324,55315.95103191,55315.95103191,2.00000000,-55315.95103191,0.00933804,0.00000000,0.00000000
1.52964574,6.35515710,1.83566447,51933.04918057,51933.04918057,2.00000000,-51933.04918057,0.01133703,0.00000000,0.00000000
1.38701078,5.37167312,1.63449870,46965.46997250,46965.46997250,2.00000000,-46965.46997250,0.01511164,0.00000000,0.00000000
1.22390339,4.56736316,1.46738910,40516.25112408,40516.25112408,2.00000000,-40516.25112408,0.02206442,0.00000000,0.00000000
1.03225372,4.03570439,1.42272164,32047.60524262,32047.60524262,2.00000000,-32047.60524262,0.03671213,0.00000000,0.00000000
0.82212141,3.78319267,1.67851113,23537.63530120,23537.63530120,2.00000000,-23537.63530120,0.06249047,0.00000000,0.00000000
0.65806966,3.16010576,1.73227011,18234.78082089,18234.78082089,2.00000000,-18234.78082089,0.08844991,0.00000000,0.00000000
0.52016701,2.36137204,1.50048953,13905.97764175,13905.97764175,2.00000000,-13905.97764175,0.11915209,0.00000000,0.00000000
0.36254976,1.79673292,1.40682896,8478.58275040,8478.58275040,2.00000000,-8478.58275040,0.17857946,0.00000000,0.00000000
0.17530108,1.00003924,1.68977477,3621.33337411,3621.33337411,2.00000000,-3621.33337411,0.27366191,0.00000000,0.00000000
0.10255866,8.95311383,30.46832676,1173.37269851,1173.37269851,2.00000000,-1173.37269851,0.36597029,0.00000000,0.00000000
-0.28408997,40.56438570,13.74419684,1678.62409286,1678.62409286,2.00000000,-1678.62409286,0.34100929,0.00000000,0.00000000
-0.29351688,18.76670758,6.06534615,1765.64478167,1765.64478167,2.00000000,-1765.64478167,0.33717123,0.00000000,0.00000000
-0.28991747,13.14210920,4.26103934,1776.45937216,1776.45937216,2.00000000,-1776.45937216,0.33670207,0.00000000,0.00000000
-0.28457673,9.72659416,3.16331002,1780.21904099,1780.21904099,2.00000000,-1780.21904099,0.33653936,0.00000000,0.00000000
-0.26792267,7.82993039,2.68681255,1709.82471817,1709.82471817,2.00000000,-1709.82471817,0.33962006,0.00000000,0.00000000
-0.25526230,6.03781865,2.10512245,1667.16092583,1667.16092583,2.00000000,-1667.16092583,0.34152348,0.00000000,0.00000000
-0.22677452,5.00397611,1.93796397,1493.50138305,1493.50138305,2.00000000,-1493.50138305,0.34957858,0.00000000,0.00000000
-0.20497148,3.81054093,1.50715759,1372.18597640,1372.18597640,2.00000000,-1372.18597640,0.35553096,0.00000000,0.00000000
-0.16404194,3.28698013,1.54719612,1026.34704735,1026.34704735,2.00000000,-1026.34704735,0.37434525,0.00000000,0.00000000
-0.13215666,2.48670975,1.24092561,795.28586644,795.28586644,2.00000000,-795.28586644,0.38896864,0.00000000,0.00000000
-0.09230379,2.30378300,1.32486448,426.03141466,426.03141466,2.00000000,-426.03141466,0.41823717,0.00000000,0.00000000
-0.06221978,2.08560822,1.55650098,227.16016421,227.16016421,2.00000000,-227.16016421,0.44009895,0.00000000,0.00000000
0.17110347,306499040.41866660,94063551.36621797,540.68264216,540.68264216,2.00000000,-540.68264216,0.40806481,0.00000000,0.00000000
0.17142616,95.69358509,30.17725338,562.68815354,562.68815354,2.00000000,-562.68815354,0.40624675,0.00000000,0.00000000
0.17250912,36.23963168,11.41776711,578.93757714,578.93757714,2.00000000,-578.93757714,0.40492823,0.00000000,0.00000000
0.17338248,21.17488649,6.65843211,596.41285162,596.41285162,2.00000000,-596.41285162,0.40353190,0.00000000,0.00000000
0.17137049,14.79955294,4.71477460,604.38854693,604.38854693,2.00000000,-604.38854693,0.40290183,0.00000000,0.00000000
0.16903018,10.80104051,3.47898884,613.91045239,613.91045239,2.00000000,-613.91045239,0.40215535,0.00000000,0.00000000
0.16588603,8.08633849,2.62745225,623.94057833,623.94057833,2.00000000,-623.94057833,0.40137564,0.00000000,0.00000000
0.15724429,6.28372524,2.12162597,611.75409638,611.75409638,2.00000000,-611.75409638,0.40232386,0.00000000,0.00000000
0.15434616,4.51810379,1.43574403,644.67055291,644.67055291,2.00000000,-644.67055291,0.39978500,0.00000000,0.00000000
0.13346787,3.74838073,1.16772028,538.34191380,538.34191380,2.00000000,-538.34191380,0.40826048,0.00000000,0.00000000
0.10335586,3.77811292,1.42509917,342.72215246,342.72215246,2.00000000,-342.72215246,0.42656449,0.00000000,0.00000000
0.08297072,3.41743720,1.49276813,248.53219512,248.53219512,2.00000000,-248.53219512,0.43736668,0.00000000,0.00000000
0.06286626,3.11675209,1.84017652,174.78507865,174.78507865,2.00000000,-174.78507865,0.44741056,0.00000000,0.00000000
0.03130947,1.00094517,1.75400626,117.26735685,117.26735685,2.00000000,-117.26735685,0.45688281,0.00000000,0.00000000
0.03175896,2.25294180,2.14040809,66.00117643,66.00117643,2.00000000,-66.00117643,0.46762510,0.00000000,0.00000000
0.02051281,55.06953147,182.22925005,45.37430673,45.37430673,2.00000000,-45.37430673,0.47314738,0.00000000,0.00000000
-0.03809576,389889922.22944570,125984174.89069831,28.19852418,28.19852418,2.00000000,-28.19852418,0.47882521,0.00000000,0.00000000
-0.04874561,13.99173190,2.55533407,30.55117558,30.55117558,2.00000000,-30.55117558,0.47796044,0.00000000,0.00000000
-0.04908890,11.91994143,2.11498100,31.53144333,31.53144333,2.00000000,-31.53144333,0.47761001,0.00000000,0.00000000
-0.04468216,9.45793631,1.94042928,31.02838432,31.02838432,2.00000000,-31.02838432,0.47778915,0.00000000,0.00000000
-0.04457054,7.63277109,1.45964897,32.36156463,32.36156463,2.00000000,-32.36156463,0.47731752,0.00000000,0.00000000
-0.03862272,4.69675021,0.89850184,35.89283447,35.89283447,2.00000000,-35.89283447,0.47611341,0.00000000,0.00000000
-0.01281086,237752326.81369704,550632499.54380345,19.63509222,19.63509222,2.00000000,-19.63509222,0.48232805,0.00000000,0.00000000
-0.02579061,107746551.21170342,68665658.55765957,24.94883527,24.94883527,2.00000000,-24.94883527,0.48008159,0.00000000,0.00000000
-0.02312537,119269487.23071030,88947704.96083620,23.24086497,23.24086497,2.00000000,-23.24086497,0.48077493,0.00000000,0.00000000
-0.02138168,101379412.66843581,90993092.31700158,23.54559264,23.54559264,2.00000000,-23.54559264,0.48064940,0.00000000,0.00000000
-0.02178364,4.46029755,3.39029640,23.37952593,23.37952593,2.00000000,-23.37952593,0.48071771,0.00000000,0.00000000
-0.01029800,5.00000000,29.50000000,21.46516809,21.46516809,1.00000000,-21.46516809,0.48152341,0.00000000,0.00000000
-0.01280841,67188157.78231215,155636983.45877528,19.63185282,19.63185282,2.00000000,-19.63185282,0.48232951,0.00000000,0.00000000
-0.01025625,2.50000000,28.25000000,21.29266356,21.29266356,1.00000000,-21.29266356,0.48159775,0.00000000,0.00000000
0.00983697,292765548.17617071,350645272.58193910,6.43525993,6.43525993,2.00000000,-6.43525993,0.48988079,0.00000000,0.00000000
-0.01633879,221116161.46567678,165449279.96417642,11.63731460,11.63731460,2.00000000,-11.63731460,0.48639332,0.00000000,0.00000000
0.01132510,221950454.33709478,578363965.69466352,16.03195293,16.03195293,2.00000000,-16.03195293,0.48403065,0.00000000,0.00000000
-0.01680070,118603759.40447515,133505072.57705259,17.79832647,17.79832647,2.00000000,-17.79832647,0.48317439,0.00000000,0.00000000
-0.01029783,5.00000000,29.50000000,21.46447469,21.46447469,1.00000000,-21.46447469,0.48152371,0.00000000,0.00000000
-0.01255462,248935039.06465060,588437943.37601376,19.25134852,19.25134852,2.00000000,-19.25134852,0.48250148,0.00000000,0.00000000
0.01982831,78735988.98359567,69872511.59226775,20.03845211,20.03845211,2.00000000,-20.03845211,0.48214758,0.00000000,0.00000000
0.02469518,4.16904274,2.41931391,24.67316494,24.67316494,2.00000000,-24.67316494,0.48019185,0.00000000,0.00000000
0.01029801,5.00000000,29.50000000,21.46521189,21.46521189,1.00000000,-21.46521189,0.48152339,0.00000000,0.00000000
0.01282736,132364566.00618994,306179359.18212712,19.65818528,19.65818528,2.00000000,-19.65818528,0.48231767,0.00000000,0.00000000
0.01025886,5.00000000,32.00000000,21.30349525,21.30349525,1.00000000,-21.30349525,0.48159307,0.00000000,0.00000000
-0.01785558,248240749.36006570,176530018.51053596,13.25572037,13.25572037,2.00000000,-13.25572037,0.48547836,0.00000000,0.00000000
0.01132508,221950454.33709478,578363965.69466352,16.03190968,16.03190968,2.00000000,-16.03190968,0.48403067,0.00000000,0.00000000
-0.01727624,137545338.97792292,152104196.20752841,18.50820407,18.50820407,2.00000000,-18.50820407,0.48284233,0.00000000,0.00000000
-0.01029800,5.00000000,29.50000000,21.46516792,21.46516792,1.00000000,-21.46516792,0.48152341,0.00000000,0.00000000
-0.01280848,132287829.49548265,306431722.34485614,19.63174622,19.63174622,2.00000000,-19.63174622,0.48232956,0.00000000,0.00000000
0.03704181,17.00806628,3.23556655,17.61994116,17.61994116,2.00000000,-17.61994116,0.48325887,0.00000000,0.00000000
0.04087698,11.89727854,2.11032082,21.87134975,21.87134975,2.00000000,-21.87134975,0.48134954,0.00000000,0.00000000
0.04068451,10.02767000,1.74190056,22.61913473,22.61913473,2.00000000,-22.61913473,0.48103362,0.00000000,0.00000000
0.03972681,8.08832863,1.39752115,23.78798384,23.78798384,2.00000000,-23.78798384,0.48055013,0.00000000,0.00000000
0.03024822,3.80588965,0.78594292,27.72858383,27.72858383,2.00000000,-27.72858383,0.47900223,0.00000000,0.00000000
0.03404795,9.84698993,1.70806950,15.94184775,15.94184775,2.00000000,-15.94184775,0.48407557,0.00000000,0.00000000
0.01281086,237752326.81369704,550632499.54380345,19.63508549,19.63508549,2.00000000,-19.63508549,0.48232805,0.00000000,0.00000000
0.02151479,2.23639437,0.59573833,23.76782801,23.76782801,2.00000000,-23.76782801,0.48055836,0.00000000,0.00000000
0.03173413,26.51687096,5.50942353,13.35484205,13.35484205,2.00000000,-13.35484205,0.48542419,0.00000000,0.00000000
0.01407377,122120376.87932831,178227906.06311166,15.60701894,15.60701894,2.00000000,-15.60701894,0.48424360,0.00000000,0.00000000
0.01280949,85695934.16654268,198493591.18938434,19.63342204,19.63342204,2.00000000,-19.63342204,0.48232880,0.00000000,0.00000000
0.04242211,211662103.74530232,52724356.17457113,26.88798755,26.88798755,2.00000000,-26.88798755,0.47932266,0.00000000,0.00000000
0.04739782,184079791.80684739,45850319.36650154,33.56239496,33.56239496,2.00000000,-33.56239496,0.47690097,0.00000000,0.00000000
0.04994641,131379709.45440231,32723860.04597665,37.26874344,37.26874344,2.00000000,-37.26874344,0.47566044,0.00000000,0.00000000
0.05074070,324023974.10679090,80707772.33144715,38.46373981,38.46373981,2.00000000,-38.46373981,0.47527379,0.00000000,0.00000000
0.04656327,119086586.42111185,33019749.43568225,36.22261045,36.22261045,2.00000000,-36.22261045,0.47600406,0.00000000,0.00000000
0.04528114,89426054.93826112,26351847.47933650,36.37933087,36.37933087,2.00000000,-36.37933087,0.47595227,0.00000000,0.00000000
0.04385048,159490995.76223022,50071995.43870407,36.31592436,36.31592436,2.00000000,-36.31592436,0.47597321,0.00000000,0.00000000
0.04153706,104364107.21614766,35016092.40241261,34.78740695,34.78740695,2.00000000,-34.78740695,0.47648368,0.00000000,0.00000000
0.04011553,138071784.51801181,49764761.62317394,34.81094127,34.81094127,2.00000000,-34.81094127,0.47647574,0.00000000,0.00000000
0.03907173,86.22524467,32.26567980,34.56169589,34.56169589,2.00000000,-34.56169589,0.47656001,0.00000000,0.00000000
0.03870053,22.81902768,8.37513954,34.22097272,34.22097272,2.00000000,-34.22097272,0.47667570,0.00000000,0.00000000
0.03838690,10.90089460,3.80661665,33.90688274,33.90688274,2.00000000,-33.90688274,0.47678286,0.00000000,0.00000000
0.03750905,6.53334276,2.15769086,33.90988046,33.90988046,2.00000000,-33.90988046,0.47678184,0.00000000,0.00000000
0.03445221,3.73379902,1.03130322,35.37048714,35.37048714,2.00000000,-35.37048714,0.47628765,0.00000000,0.00000000
0.02683140,382.08045754,245.84177698,27.28091655,27.28091655,2.00000000,-27.28091655,0.47917226,0.00000000,0.00000000
0.02511222,30.42952025,21.42041087,26.34192980,26.34192980,2.00000000,-26.34192980,0.47953352,0.00000000,0.00000000
0.02133324,40460874.63464579,36389409.17752297,23.48284620,23.48284620,2.00000000,-23.48284620,0.48067518,0.00000000,0.00000000
0.01315261,126824148.31169361,286875054.88278401,20.09043428,20.09043428,2.00000000,-20.09043428,0.48212445,0.00000000,0.00000000
0.01029799,5.00000000,29.50000000,21.46512672,21.46512672,1.00000000,-21.46512672,0.48152343,0.00000000,0.00000000
0.01278953,597147634.67212963,1385345617.78110647,19.60725453,19.60725453,2.00000000,-19.60725453,0.48234058,0.00000000,0.00000000
0.01025379,1.40598297,19.26587296,21.28243390,21.28243390,1.00000000,-21.28243390,0.48160217,0.00000000,0.00000000
-0.01407361,118077171.59813696,172330417.89492923,15.60701904,15.60701904,2.00000000,-15.60701904,0.48424360,0.00000000,0.00000000
-0.01280765,99180932.06137425,229786505.82768631,19.63341690,19.63341690,2.00000000,-19.63341690,0.48232881,0.00000000,0.00000000
-0.01025641,2.50000000,28.25000000,21.29331250,21.29331250,1.00000000,-21.29331250,0.48159747,0.00000000,0.00000000
-0.01442641,614249426.68566370,420217747.32578421,8.34550976,8.34550976,2.00000000,-8.34550976,0.48847672,0.00000000,0.00000000
-0.01436796,263400826.85684919,219459503.16008520,9.93429805,9.93429805,2.00000000,-9.93429805,0.48742793,0.00000000,0.00000000
-0.01429799,206686216.28808820,220084279.52078629,12.23610789,12.23610789,2.00000000,-12.23610789,0.48604779,0.00000000,0.00000000
0.03491591,201983872.37817991,74786523.91522685,27.07670129,27.07670129,2.00000000,-27.07670129,0.47925029,0.00000000,0.00000000
-0.01280943,129946694.98736227,300990423.41215289,19.63330905,19.63330905,2.00000000,-19.63330905,0.48232885,0.00000000,0.00000000
0.03358124,152157101.45863998,69084754.12645322,30.55876104,30.55876104,2.00000000,-30.55876104,0.47795771,0.00000000,0.00000000
0.03316103,741.32126035,376.00968127,33.19245388,33.19245388,2.00000000,-33.19245388,0.47702849,0.00000000,0.00000000
0.03284496,22.37791519,11.31588516,33.32973066,33.32973066,2.00000000,-33.32973066,0.47698109,0.00000000,0.00000000
0.03251678,9.87832772,4.91696097,33.54400636,33.54400636,2.00000000,-33.54400636,0.47690730,0.00000000,0.00000000
0.03302228,5.38427406,2.37070231,33.99810932,33.99810932,2.00000000,-33.99810932,0.47675169,0.00000000,0.00000000
0.04148676,4.86317413,0.92020955,39.90268065,39.90268065,2.00000000,-39.90268065,0.47481614,0.00000000,0.00000000
0.02196976,4.33467671,3.21703410,23.42369770,23.42369770,2.00000000,-23.42369770,0.48069951,0.00000000,0.00000000
0.01651898,133105350.37181166,199393487.31986761,22.11730153,22.11730153,2.00000000,-22.11730153,0.48124504,0.00000000,0.00000000
0.01280949,85695934.16654268,198493591.18938434,19.63342204,19.63342204,2.00000000,-19.63342204,0.48232880,0.00000000,0.00000000
0.01607920,1.04526601,0.44232315,21.47265091,21.47265091,2.00000000,-21.47265091,0.48152019,0.00000000,0.00000000
0.01443050,248463251.24078459,169908674.55104661,8.34706377,8.34706377,2.00000000,-8.34706377,0.48847565,0.00000000,0.00000000
0.01436840,263400826.85684919,219459503.16008520,9.93490272,9.93490272,2.00000000,-9.93490272,0.48742755,0.00000000,0.00000000
0.01429956,85917031.47517505,91466818.69519180,12.23638758,12.23638758,2.00000000,-12.23638758,0.48604763,0.00000000,0.00000000
0.01407354,115126002.47972691,168024643.59130490,15.60700931,15.60700931,2.00000000,-15.60700931,0.48424360,0.00000000,0.00000000
0.01280765,99180932.06137353,229786505.82768285,19.63341062,19.63341062,2.00000000,-19.63341062,0.48232881,0.00000000,0.00000000
0.01025641,1.40625000,20.04687500,21.29330990,21.29330990,1.00000000,-21.29330990,0.48159747,0.00000000,0.00000000
0.01149855,298155624.76154864,188986477.55225396,4.93393367,4.93393367,2.00000000,-4.93393367,0.49113924,0.00000000,0.00000000
0.01229811,160883272.21218550,118179255.26403850,6.48093321,6.48093321,2.00000000,-6.48093321,0.48984495,0.00000000,0.00000000
0.01305062,395605604.25121605,346550512.00119472,8.57801967,8.57801967,2.00000000,-8.57801967,0.48831735,0.00000000,0.00000000
0.01361752,359440215.24711633,392908729.40101182,11.37369912,11.37369912,2.00000000,-11.37369912,0.48654826,0.00000000,0.00000000
0.01369536,238735839.33433068,353327880.86505055,15.00866484,15.00866484,2.00000000,-15.00866484,0.48454844,0.00000000,0.00000000
0.01255523,207059936.00874370,489439615.21916580,19.25275932,19.25275932,2.00000000,-19.25275932,0.48250084,0.00000000,0.00000000
-0.01162618,66793743.22903518,95323213.48315758,10.38615275,10.38615275,2.00000000,-10.38615275,0.48714529,0.00000000,0.00000000
-0.01280949,85695934.16654268,198493591.18938434,19.63341533,19.63341533,2.00000000,-19.63341533,0.48232881,0.00000000,0.00000000
-0.01025641,1.40625000,20.04687500,21.29330972,21.29330972,1.00000000,-21.29330972,0.48159747,0.00000000,0.00000000
-0.01443098,437122694.08227825,195650912.29555082,5.56550555,5.56550555,2.00000000,-5.56550555,0.49058930,0.00000000,0.00000000
-0.01447721,142509490.31283092,71879306.64376622,6.28757973,6.28757973,2.00000000,-6.28757973,0.48999755,0.00000000,0.00000000
-0.01446734,169349777.08987230,98258832.24504977,7.18155679,7.18155679,2.00000000,-7.18155679,0.48931025,0.00000000,0.00000000
-0.01442834,231024973.68027151,158003084.39286900,8.34552584,8.34552584,2.00000000,-8.34552584,0.48847671,0.00000000,0.00000000
-0.01436796,263400826.85684919,219459503.16008520,9.93430033,9.93430033,2.00000000,-9.93430033,0.48742793,0.00000000,0.00000000
-0.01429915,54472424.75179681,57993284.96754734,12.23611473,12.23611473,2.00000000,-12.23611473,0.48604778,0.00000000,0.00000000
-0.01407350,73563622.34509435,107364545.70547429,15.60684487,15.60684487,2.00000000,-15.60684487,0.48424368,0.00000000,0.00000000
-0.01280943,129946694.98736227,300990423.41215289,19.63330945,19.63330945,2.00000000,-19.63330945,0.48232885,0.00000000,0.00000000
0.02855158,80780787.85761470,31888148.42103189,19.27632514,19.27632514,2.00000000,-19.27632514,0.48249014,0.00000000,0.00000000
0.02877086,96.23226306,40.09442249,20.77865443,20.77865443,2.00000000,-20.77865443,0.48182107,0.00000000,0.00000000
0.02808185,24.34758245,10.31186556,20.57098525,20.57098525,2.00000000,-20.57098525,0.48191208,0.00000000,0.00000000
0.02714157,12.45889591,5.40022317,20.28811118,20.28811118,2.00000000,-20.28811118,0.48203679,0.00000000,0.00000000
0.01282852,53137958.15588135,122906121.79374072,19.65988713,19.65988713,2.00000000,-19.65988713,0.48231690,0.00000000,0.00000000
0.01025931,5.00000000,29.50000000,21.30419612,21.30419612,1.00000000,-21.30419612,0.48159277,0.00000000,0.00000000
0.01909604,105061773.59593403,76542788.87758124,15.50695383,15.50695383,2.00000000,-15.50695383,0.48429416,0.00000000,0.00000000
0.01282852,53137959.68301627,122906125.32579237,19.65986630,19.65986630,2.00000000,-19.65986630,0.48231691,0.00000000,0.00000000
-0.03534939,180093148.97158945,96295567.00549099,39.65171466,39.65171466,2.00000000,-39.65171466,0.47489535,0.00000000,0.00000000
-0.03727097,164069571.51627243,103007327.84008005,51.37199704,51.37199704,2.00000000,-51.37199704,0.47143057,0.00000000,0.00000000
0.01277159,113759984.04841542,264251325.46962768,19.57976819,19.57976819,2.00000000,-19.57976819,0.48235295,0.00000000,0.00000000
-0.03766111,307639717.56779456,292305622.38684273,76.92166232,76.92166232,2.00000000,-76.92166232,0.46505557,0.00000000,0.00000000
-0.03707095,174262184.90019917,224011660.56027406,95.98451863,95.98451863,2.00000000,-95.98451863,0.46097739,0.00000000,0.00000000
-0.03415292,74020606.50976530,143378025.08568108,107.45730443,107.45730443,2.00000000,-107.45730443,0.45871894,0.00000000,0.00000000
-0.03076923,11.50151891,41.82300418,111.95629577,111.95629577,1.00000000,-111.95629577,0.45786679,0.00000000,0.00000000
-0.01025641,2.50000000,28.25000000,21.29330694,21.29330694,1.00000000,-21.29330694,0.48159747,0.00000000,0.00000000
0.01439705,403097621.68091035,276187638.28319049,8.32350609,8.32350609,2.00000000,-8.32350609,0.48849192,0.00000000,0.00000000
0.01435616,179353153.91422033,149559589.26572782,9.92559262,9.92559262,2.00000000,-9.92559262,0.48743344,0.00000000,0.00000000
0.01429618,146168535.99290377,155631491.74500924,12.23212963,12.23212963,2.00000000,-12.23212963,0.48605005,0.00000000,0.00000000
0.01407181,99963551.35554796,145906016.36074716,15.60444110,15.60444110,2.00000000,-15.60444110,0.48424490,0.00000000,0.00000000
0.01280849,132287829.49548265,306431722.34485614,19.63175336,19.63175336,2.00000000,-19.63175336,0.48232955,0.00000000,0.00000000
0.01025624,2.08496094,16.05029297,21.29262237,21.29262237,1.00000000,-21.29262237,0.48159777,0.00000000,0.00000000
-0.01361826,124652689.20530474,136243829.96813607,11.37370133,11.37370133,2.00000000,-11.37370133,0.48654825,0.00000000,0.00000000
-0.01369523,127816312.43347555,189170846.07736170,15.00866465,15.00866465,2.00000000,-15.00866465,0.48454844,0.00000000,0.00000000
-0.01255520,209665145.77310550,495599753.52507854,19.25275932,19.25275932,2.00000000,-19.25275932,0.48250084,0.00000000,0.00000000
0.01162619,145074411.17619812,207039317.91498721,10.38615373,10.38615373,2.00000000,-10.38615373,0.48714529,0.00000000,0.00000000
0.01280949,85695934.16654268,198493591.18938434,19.63341575,19.63341575,2.00000000,-19.63341575,0.48232881,0.00000000,0.00000000
0.02295997,77502590.86343876,25691355.85568499,10.50351110,10.50351110,2.00000000,-10.50351110,0.48707289,0.00000000,0.00000000
0.02120414,135201521.58468235,48039878.76635130,9.59076475,9.59076475,2.00000000,-9.59076475,0.48764715,0.00000000,0.00000000
0.02045860,261922493.23620176,100619261.40235098,9.63754878,9.63754878,2.00000000,-9.63754878,0.48761706,0.00000000,0.00000000
0.01962237,87036217.75369200,36454761.75503645,9.64665829,9.64665829,2.00000000,-9.64665829,0.48761122,0.00000000,0.00000000
0.01429976,121280928.07645452,129114114.32554823,12.23665819,12.23665819,2.00000000,-12.23665819,0.48604747,0.00000000,0.00000000
0.01407390,78059979.97122210,113923241.23693115,15.60717197,15.60717197,2.00000000,-15.60717197,0.48424352,0.00000000,0.00000000
0.01280917,176448694.10385382,408720197.75620925,19.63352103,19.63352103,2.00000000,-19.63352103,0.48232876,0.00000000,0.00000000
0.01025658,2.07439761,12.09023095,21.29335352,21.29335352,1.00000000,-21.29335352,0.48159745,0.00000000,0.00000000
0.01436796,263400826.85684919,219459503.16008520,9.93430047,9.93430047,2.00000000,-9.93430047,0.48742793,0.00000000,0.00000000
0.01429915,54472424.75179681,57993284.96754734,12.23611480,12.23611480,2.00000000,-12.23611480,0.48604778,0.00000000,0.00000000
0.01407346,108161250.40078813,157859923.57719886,15.60684503,15.60684503,2.00000000,-15.60684503,0.48424368,0.00000000,0.00000000
0.01280943,129946694.98736227,300990423.41215289,19.63330948,19.63330948,2.00000000,-19.63330948,0.48232885,0.00000000,0.00000000
-0.02058492,89917592.94035786,38189856.53063789,10.76129616,10.76129616,2.00000000,-10.76129616,0.48691528,0.00000000,0.00000000
-0.02072636,56289612.59041797,26534227.99259055,12.07188838,12.07188838,2.00000000,-12.07188838,0.48614169,0.00000000,0.00000000
-0.01430305,108631019.31104973,115630551.47205558,12.24067080,12.24067080,2.00000000,-12.24067080,0.48604519,0.00000000,0.00000000
-0.01407515,238409266.78748918,347935161.45058131,15.60958830,15.60958830,2.00000000,-15.60958830,0.48424230,0.00000000,0.00000000
-0.01281080,101909569.79195541,236023413.12284386,19.63508532,19.63508532,2.00000000,-19.63508532,0.48232805,0.00000000,0.00000000
-0.01025903,2.94590948,16.35386976,21.29400125,21.29400125,1.00000000,-21.29400125,0.48159717,0.00000000,0.00000000
-0.01429936,99033027.06924114,105433273.51190466,12.23638534,12.23638534,2.00000000,-12.23638534,0.48604763,0.00000000,0.00000000
-0.01407360,168688679.15056431,246196625.80655193,15.60700814,15.60700814,2.00000000,-15.60700814,0.48424360,0.00000000,0.00000000
-0.01280765,99180932.06137425,229786505.82768631,19.63340974,19.63340974,2.00000000,-19.63340974,0.48232881,0.00000000,0.00000000
-0.01025641,2.50000000,28.25000000,21.29330954,21.29330954,1.00000000,-21.29330954,0.48159747,0.00000000,0.00000000
0.02521091,277507351.47534275,156493314.77861947,21.22332538,21.22332538,2.00000000,-21.22332538,0.48162771,0.00000000,0.00000000
0.02578623,295972386.00022388,191311252.52230793,25.27630016,25.27630016,2.00000000,-25.27630016,0.47995141,0.00000000,0.00000000
0.02607898,379121755.42303228,287476165.23854995,30.01708404,30.01708404,2.00000000,-30.01708404,0.47815374,0.00000000,0.00000000
0.02584361,362094475.68982720,333433206.26355720,35.21638127,35.21638127,2.00000000,-35.21638127,0.47633930,0.00000000,0.00000000
0.02468066,402557780.73858237,477922020.06160927,40.23431495,40.23431495,2.00000000,-40.23431495,0.47471184,0.00000000,0.00000000
0.02242635,118098180.65411332,204189848.28184092,43.91887695,43.91887695,2.00000000,-43.91887695,0.47358091,0.00000000,0.00000000
0.02047137,21434915.63105139,71773236.10145122,45.19096260,45.19096260,1.00000000,-45.19096260,0.47320160,0.00000000,0.00000000
-0.01977169,98902350.83709359,87986461.31830704,19.96963267,19.96963267,2.00000000,-19.96963267,0.48217824,0.00000000,0.00000000
-0.02196766,4.33653453,3.21938642,23.42342789,23.42342789,2.00000000,-23.42342789,0.48069962,0.00000000,0.00000000
-0.01029800,5.00000000,29.50000000,21.46517071,21.46517071,1.00000000,-21.46517071,0.48152341,0.00000000,0.00000000
-0.01280765,99180932.06137425,229786505.82768631,19.63341019,19.63341019,2.00000000,-19.63341019,0.48232881,0.00000000,0.00000000
-0.01025641,2.50000000,28.25000000,21.29330972,21.29330972,1.00000000,-21.29330972,0.48159747,0.00000000,0.00000000
0.02116694,625192628.24314499,229042496.88421088,9.84812198,9.84812198,2.00000000,-9.84812198,0.48748256,0.00000000,0.00000000
0.02132751,164792561.24889183,65325052.58834004,10.79998651,10.79998651,2.00000000,-10.79998651,0.48689179,0.00000000,0.00000000
0.02133186,759142177.24892139,327575595.84429383,11.73613284,11.73613284,2.00000000,-11.73613284,0.48633569,0.00000000,0.00000000
0.02113692,383167676.13241577,181236467.80358219,12.59631649,12.59631649,2.00000000,-12.59631649,0.48584400,0.00000000,0.00000000
0.02070856,186626025.21431017,97505886.28860009,13.30889363,13.30889363,2.00000000,-13.30889363,0.48544927,0.00000000,0.00000000
0.02002681,73259304.24198657,42669343.07781620,13.81190339,13.81190339,2.00000000,-13.81190339,0.48517697,0.00000000,0.00000000
0.01910037,68179514.78761184,44820512.89532194,14.09091245,14.09091245,2.00000000,-14.09091245,0.48502808,0.00000000,0.00000000
0.01409962,72099154.00289619,105124079.24917370,15.64766410,15.64766410,2.00000000,-15.64766410,0.48422310,0.00000000,0.00000000
0.01282847,72248241.38322610,167107752.62340873,19.65976641,19.65976641,2.00000000,-19.65976641,0.48231696,0.00000000,0.00000000
0.01551839,69252872.74742928,76432952.45765351,14.90567334,14.90567334,2.00000000,-14.90567334,0.48460152,0.00000000,0.00000000
0.01367324,150742431.25394815,223277967.90671968,14.97328043,14.97328043,2.00000000,-14.97328043,0.48456665,0.00000000,0.00000000
0.01254157,203175104.05906165,480819359.82318282,19.23063573,19.23063573,2.00000000,-19.23063573,0.48251089,0.00000000,0.00000000
-0.02296027,473562838.56354642,549849230.48638368,34.18550415,34.18550415,2.00000000,-34.18550415,0.47668778,0.00000000,0.00000000
-0.02249129,86417780.31607288,148842874.26756954,44.15166795,44.15166795,2.00000000,-44.15166795,0.47351109,0.00000000,0.00000000
-0.02051002,3028842.82710968,10133896.72962624,45.36195790,45.36195790,1.00000000,-45.36195790,0.47315102,0.00000000,0.00000000
0.04144695,371831824.62375617,268614741.20607042,72.47796250,72.47796250,2.00000000,-72.47796250,0.46607743,0.00000000,0.00000000
0.04024967,38500205.58117129,33155345.01843748,80.33043186,80.33043186,2.00000000,-80.33043186,0.46429172,0.00000000,0.00000000
0.03850063,9.13374740,8.30013016,80.29670656,80.29670656,2.00000000,-80.29670656,0.46429919,0.00000000,0.00000000
0.03610845,3.00202363,2.76590772,78.84471836,78.84471836,2.00000000,-78.84471836,0.46462260,0.00000000,0.00000000
0.02731411,2.25395389,2.86132480,59.10650011,59.10650011,2.00000000,-59.10650011,0.46935920,0.00000000,0.00000000
0.01986191,89761539.74528286,304376304.14107639,42.57539456,42.57539456,1.00000000,-42.57539456,0.47398755,0.00000000,0.00000000
0.00960550,2.50000000,28.25000000,18.67636543,18.67636543,1.00000000,-18.67636543,0.48276461,0.00000000,0.00000000
-0.01025903,5.00000000,32.00000000,21.30418833,21.30418833,1.00000000,-21.30418833,0.48159277,0.00000000,0.00000000
-0.01407360,168688679.15056431,246196625.80655193,15.60699851,15.60699851,2.00000000,-15.60699851,0.48424361,0.00000000,0.00000000
-0.01280949,85695934.16654268,198493591.18938434,19.63340863,19.63340863,2.00000000,-19.63340863,0.48232881,0.00000000,0.00000000
0.04594183,740882870.72738361,252320317.91076630,43.18596907,43.18596907,2.00000000,-43.18596907,0.47380195,0.00000000,0.00000000
0.04798993,210309590.24867857,77841581.73050457,51.13266645,51.13266645,2.00000000,-51.13266645,0.47149708,0.00000000,0.00000000
0.04894225,272870266.27867472,110710306.58892345,58.17852209,58.17852209,2.00000000,-58.17852209,0.46960022,0.00000000,0.00000000
0.04993841,495395095.39223456,222583454.37699318,66.89550010,66.89550010,2.00000000,-66.89550010,0.46740699,0.00000000,0.00000000
0.05095547,635743905.70001817,320297569.71364689,77.80804430,77.80804430,2.00000000,-77.80804430,0.46485533,0.00000000,0.00000000
0.01254352,72986974.17300731,172694668.60838896,19.23360912,19.23360912,2.00000000,-19.23360912,0.48250954,0.00000000,0.00000000
0.05245822,239364552.24555385,160235700.97431386,108.11898958,108.11898958,2.00000000,-108.11898958,0.45859250,0.00000000,0.00000000
0.05161112,144382891.68015873,116613343.42999288,124.61629758,124.61629758,2.00000000,-124.61629758,0.45555773,0.00000000,0.00000000
0.05059559,546902063.75898218,564273055.15340185,148.97738693,148.97738693,2.00000000,-148.97738693,0.45142722,0.00000000,0.00000000
0.04891197,15.87468255,20.75020339,173.28389604,173.28389604,2.00000000,-173.28389604,0.44763557,0.00000000,0.00000000
0.05125284,1.78834846,2.08220246,206.29089216,206.29089216,2.00000000,-206.29089216,0.44289700,0.00000000,0.00000000
0.03072778,10.98197971,39.87885404,111.76198687,111.76198687,2.00000000,-111.76198687,0.45790323,0.00000000,0.00000000
-0.01976798,88357690.12743923,78619392.36987543,19.96536071,19.96536071,2.00000000,-19.96536071,0.48218015,0.00000000,0.00000000
-0.02178364,4.46029755,3.39029640,23.37951547,23.37951547,2.00000000,-23.37951547,0.48071771,0.00000000,0.00000000
-0.01029800,5.00000000,29.50000000,21.46516809,21.46516809,1.00000000,-21.46516809,0.48152341,0.00000000,0.00000000
-0.01280851,119863694.64194703,277652708.03516006,19.63185252,19.63185252,2.00000000,-19.63185252,0.48232951,0.00000000,0.00000000
-0.01025625,1.40625000,20.04687500,21.29266339,21.29266339,1.00000000,-21.29266339,0.48159775,0.00000000,0.00000000
